Insert into LARS_PROD.ELEMENTS (ID,NAME,HTML) values (197,'Project - RatePic - Link Left','      <div class="link-box-tall">
        <a href="https://bitbucket.org/larskrjo/cs244r-ratepic" target"_blank" style="background: url(''../img/bitbucket.png'') no-repeat 0% 50% transparent;"><p>Bitbucket</p></a>
      </div>');
Insert into LARS_PROD.ELEMENTS (ID,NAME,HTML) values (198,'Project - RatePic - Link Middle','      <div class="link-box-tall disabled">
        <a style="background: url(''../img/download-disabled.png'') no-repeat 0% 50% transparent;"><p>No Download</p></a>
      </div>');
Insert into LARS_PROD.ELEMENTS (ID,NAME,HTML) values (199,'Project - RatePic - Link Right','      <div class="link-box-tall">
        <a href="http://ratepic.netau.net" target="_blank"style="background: url(''../img/website.png'') no-repeat 0% 50% transparent;"><p>Website</p></a>
      </div>
      <br>');
Insert into LARS_PROD.ELEMENTS (ID,NAME,HTML) values (200,'Project - RatePic - Overview Left','      <img src="../img/projects/ratepic/ratepic.png">');
Insert into LARS_PROD.ELEMENTS (ID,NAME,HTML) values (202,'Project - ScrabbleBot - Header Left','      <h1>ScrabbleBot</h1>');
Insert into LARS_PROD.ELEMENTS (ID,NAME,HTML) values (203,'Project - ScrabbleBot - Header Right','      <h1 class="right-year">Fall 2012</h1>');
Insert into LARS_PROD.ELEMENTS (ID,NAME,HTML) values (204,'Project - ScrabbleBot - Link Left','      <div class="link-box-tall">
        <a href="https://bitbucket.org/larskrjo/cs182-scrabblebot" target="_blank" style="background: url(''../img/bitbucket.png'') no-repeat 0% 50% transparent;"><p>Bitbucket</p></a>
      </div>');
Insert into LARS_PROD.ELEMENTS (ID,NAME,HTML) values (205,'Project - ScrabbleBot - Link Middle','      <div class="link-box-tall">
        <a href="http://content.larskristian.net/bins/projects/scrabblebot/scrabblebot.jar" target="_blank" style="background: url(''../img/download.png'') no-repeat 0% 50% transparent;"><p>Download</p></a>
      </div>');
Insert into LARS_PROD.ELEMENTS (ID,NAME,HTML) values (206,'Project - ScrabbleBot - Link Right','      <div class="link-box-tall disabled">
        <a style="background: url(''../img/website-disabled.png'') no-repeat 0% 50% transparent;"><p>No Website</p></a>
      </div>
      <br>');
Insert into LARS_PROD.ELEMENTS (ID,NAME,HTML) values (207,'Project - ScrabbleBot - Overview Left','      <img src="../img/projects/scrabblebot/scrabblebot.png">');
Insert into LARS_PROD.ELEMENTS (ID,NAME,HTML) values (208,'Project - ScrabbleBot - Overview Right','      <p>
Have you ever tried to play Scrabble against a bot? When I went to Harvard University I worked on a project called ScrabbleBot in a course called Intelligent Machines. I worked on this together with HÂvard Hammer Normann and PÂl Nj¯lstad. The main purpose of this project was to create an intelligent scrabble player that should be able to beat people all up to professional level. We succeeded, by training our bot against itself as one of the techniques to improve the bot.
</p><br>');
Insert into LARS_PROD.ELEMENTS (ID,NAME,HTML) values (209,'Project - Space Chopper - Header Left','      <h1>Space Chopper</h1>');
Insert into LARS_PROD.ELEMENTS (ID,NAME,HTML) values (210,'Project - Space Chopper - Header Right','      <h1 class="right-year">Fall 2009</h1>');
Insert into LARS_PROD.ELEMENTS (ID,NAME,HTML) values (211,'Project - Space Chopper - Link Left','      <div class="link-box-tall">
        <a href="https://bitbucket.org/larskrjo/spacechopper" target="_blank" style="background: url(''../img/bitbucket.png'') no-repeat 0% 50% transparent;"><p>Bitbucket</p></a>
      </div>');
Insert into LARS_PROD.ELEMENTS (ID,NAME,HTML) values (212,'Project - Space Chopper - Link Middle','      <div class="link-box-tall">
        <a href="http://content.larskristian.net/bins/projects/spacechopper/spacechopper.jar" target="_blank" style="background: url(''../img/download.png'') no-repeat 0% 50% transparent;"><p>Download</p></a>
      </div>');
Insert into LARS_PROD.ELEMENTS (ID,NAME,HTML) values (213,'Project - Space Chopper - Link Right','      <div class="link-box-tall disabled">
        <a style="background: url(''../img/website-disabled.png'') no-repeat 0% 50% transparent;"><p>No Website</p></a>
      </div>
      <br>');
Insert into LARS_PROD.ELEMENTS (ID,NAME,HTML) values (214,'Project - Space Chopper - Overview Left','      <img src="../img/projects/spacechopper/spacechopper.png">');
Insert into LARS_PROD.ELEMENTS (ID,NAME,HTML) values (216,'Project - Spago BI Integration - Header Left','      <h1>Spago BI Integration</h1>');
Insert into LARS_PROD.ELEMENTS (ID,NAME,HTML) values (217,'Project - Spago BI Integration - Header Right','      <h1 class="right-year">Summer 2010</h1>');
Insert into LARS_PROD.ELEMENTS (ID,NAME,HTML) values (218,'Project - Spago BI Integration - Link Left','      <div class="link-box-tall disabled">
        <a style="background: url(''../img/github-disabled.png'') no-repeat 0% 50% transparent;"><p>No Github</p></a>
      </div>');
Insert into LARS_PROD.ELEMENTS (ID,NAME,HTML) values (219,'Project - Spago BI Integration - Link Middle','      <div class="link-box-tall disabled">
        <a style="background: url(''../img/download-disabled.png'') no-repeat 0% 50% transparent;"><p>No Download</p></a>
      </div>');
Insert into LARS_PROD.ELEMENTS (ID,NAME,HTML) values (220,'Project - Spago BI Integration - Link Right','      <div class="link-box-tall disabled">
        <a style="background: url(''../img/website-disabled.png'') no-repeat 0% 50% transparent;"><p>No Website</p></a>
      </div>
      <br>');
Insert into LARS_PROD.ELEMENTS (ID,NAME,HTML) values (221,'Project - Spago BI Integration - Overview Left','      <img src="../img/projects/spagobi/spagobi.png">');
Insert into LARS_PROD.ELEMENTS (ID,NAME,HTML) values (223,'Project - Spotify Web - Header Left','      <h1>Spotify Web</h1>');
Insert into LARS_PROD.ELEMENTS (ID,NAME,HTML) values (224,'Project - Spotify Web - Header Right','      <h1 class="right-year">Summer 2014</h1>');
Insert into LARS_PROD.ELEMENTS (ID,NAME,HTML) values (225,'Project - Spotify Web - Link Left','      <div class="link-box-tall">
        <a href="https://github.com/larskrjo/spotify-remote-web-player" target="_blank" style="background: url(''../img/github.png'') no-repeat 0% 50% transparent;"><p>Github</p></a>
      </div>');
Insert into LARS_PROD.ELEMENTS (ID,NAME,HTML) values (226,'Project - Spotify Web - Link Middle','      <div class="link-box-tall disabled">
        <a style="background: url(''../img/download-disabled.png'') no-repeat 0% 50% transparent;"><p>No Download</p></a>
      </div>');
Insert into LARS_PROD.ELEMENTS (ID,NAME,HTML) values (227,'Project - Spotify Web - Link Right','      <div class="link-box-tall disabled">
        <a style="background: url(''../img/website-disabled.png'') no-repeat 0% 50% transparent;"><p>No Website</p></a>
      </div>
      <br>');
Insert into LARS_PROD.ELEMENTS (ID,NAME,HTML) values (81,'Welcome - Link Programming','      <div class="link-box-tall">
        <a href="#/programming" style="background: url(''../img/programming.png'') no-repeat 0% 50% transparent;"><p>Programming</p></a>
      </div>');
Insert into LARS_PROD.ELEMENTS (ID,NAME,HTML) values (82,'Welcome - Link CV','      <div class="link-box-tall">
        <a href="#/cv" style="background: url(''../img/cv.png'') no-repeat 0% 50% transparent;"><p>CV</p></a>
      </div>');
Insert into LARS_PROD.ELEMENTS (ID,NAME,HTML) values (83,'Welcome - Link My Stuff','      <div class="link-box-tall">
        <a href="#/mystuff" style="background: url(''../img/mystuff.png'') no-repeat 0% 50% transparent;"><p>My Stuff</p></a>
      </div>');
Insert into LARS_PROD.ELEMENTS (ID,NAME,HTML) values (84,'Programming Code Example','<pre><code class="language-python">print("When debugging, novices insert corrective code; experts remove defective code.");</code></pre>');
Insert into LARS_PROD.ELEMENTS (ID,NAME,HTML) values (85,'Programming Links - Guides','      <div class="link-box-tall">
        <a href="#/programming/guides" style="background: url(''../img/guides.png'') no-repeat 0% 50% transparent;"><p>Guides</p></a>
      </div>');
Insert into LARS_PROD.ELEMENTS (ID,NAME,HTML) values (101,'Projects - MENU - Website Left','      <img src="../img/projects/mywebsite/mywebsite.png">
      <br><br>
      <div class="link-box-tall">
        <a href="#/programming/projects/mywebsite" style="background: url(''../img/projects.png'') no-repeat 0% 50% transparent;"><p>Visit My Website</p></a>        
      </div>');
Insert into LARS_PROD.ELEMENTS (ID,NAME,HTML) values (52,'Berg High School','      <h3>Berg high school</h3>
      <br>
      <img src="http://content.larskristian.net/imgs/berg-school.jpg" />
      <br><br>
      <p>I attended Berg high school in Oslo, Norway from I was 15 to 18 years old. My in depth subjects were mathematics, physics and chemistry. I also got my drivers licence before finishing school.</p>
');
Insert into LARS_PROD.ELEMENTS (ID,NAME,HTML) values (53,'Military - Army','      <h3>Military - Army</h3>
      <br>
      <p>On my birthday, October 2nd, 2007, I had my first day in the army. I wasn''t too excited back then, knowing I would have to be there for a whole year, but it turned out to be better than I had in mind. I learned to be diciplined, and taking orders that I didn''t find reasons for. I was tought how to fold my cloths and clean my weapon so that not even a Q-tip would get dirty in an attempt to.</p>
      <br>
      <p>I was placed in the Army, in the division called His Majesty the Kings Guard (HMKG). Most of the people in this division will be guarding the King, and his properties in Norway. Only a very few will have the opportunity to represent Norway abroad.</p>
 ');
Insert into LARS_PROD.ELEMENTS (ID,NAME,HTML) values (54,'Military - HMKG','      <h3>HMKG - Drill Platoon</h3>
      <br>
      <p>During basic training in the army, I had the opportunity to apply for the Drill Platoon subdivision in HMKG, which is one of the two subdivisions that represents Norway abroad. 
      There were more than 100 people applying, and after a 2 months (physically tough) selection period, I ended up amongst the 32 selected ones. We all knew that we would spend a lot of time together the coming year...</p>
      <br>
      <p>We trained every day for 12-13 hours on the same routines, for about half a year. Eventually it was hard to forget, and we were ready to perform in front of an audience. The last part of the year, we traveled almost all the time. We spent a long time travelling in Norway, but also abroad in Denmark, Great Britain, Germany, Switzerland and Scotland.</p>
      <br>
      <p>To this day, I feel very priviliged and proud to be one of these guys, as I remember it being both physically demanding, but also a psychologically demanding year. What I do remember the best, is how well the hard work payed off. I bring that with me as the most important memory of the time in the military.</p>
');
Insert into LARS_PROD.ELEMENTS (ID,NAME,HTML) values (55,'Military - Basel tattoo 2008 video','      <iframe src="http://www.youtube.com/embed/-0u7hSr66uk"></iframe>');
Insert into LARS_PROD.ELEMENTS (ID,NAME,HTML) values (56,'VERTICAL SPACE - LARGE','<br><br>');
Insert into LARS_PROD.ELEMENTS (ID,NAME,HTML) values (57,'Education - NTNU','      <h3>NTNU</h3>
      <br>
      <img src="http://content.larskristian.net/imgs/ntnu-logo.jpg" />
      <br><br>
      <p>I attended The Norwegian University of Science and Technology in Trondheim, Norway from 2008 until 2013. 
      I studied for a Masters degree in Communication Technology. 
      During these years, I lived in dormatories, in which I had several programming projects going on both personally and school related.
      I made a lot of new friends, and I had a great time!</p>
      <br>
      <p>Although I officially finished my degree at NTNU in 2013, 
        I was studying abroad from 2011 until 2013, 
        and the work I did got included into counting towards the Masters degree at NTNU.</p>
');
Insert into LARS_PROD.ELEMENTS (ID,NAME,HTML) values (58,'Education - Harvard','      <h3>Harvard University</h3>
      <br>
      <img src="http://content.larskristian.net/imgs/harvard-logo.jpg" />
      <br><br>
      <p>I attended the School of Engineering and Applied Sciences at Harvard University in Cambridge, Massachusetts, USA from 2011 until 2012, in which I did course work. 
      I lived in a dorm, which provided me with a lot of new friends, great dinner meals and lots of fun. 
      I learned so much that I will bring with me for the rest of my life.</p>
      <br>
      <p>The courses I took involved mostly distributed computing, computer networks and programming.</p>
');
Insert into LARS_PROD.ELEMENTS (ID,NAME,HTML) values (59,'Education - MIT','      <h3>MIT</h3>
      <br>
      <img src="http://content.larskristian.net/imgs/mit-logo.jpg" />
      <br><br>
      <p>In 2013, I wrote my Master''s thesis at the Research Laboratory of Electronics at MIT in Cambridge, Massachusetts, USA under supervision of Professor Muriel Medard at <a href="http://www.rle.mit.edu/ncrc/" class="text" target="_blank">The Network Coding & Reliable Communications Group</a>.</p>
      <br>
      <p>During this year, I made a lot of new friends, I got to enjoy Cambridge and Boston even more, and I expanded my knowledge of computer networks to a whole new level. I realized the endless possibilities computer networks have. I am forever greatful for the supervision I got from the group.</p>
');
Insert into LARS_PROD.ELEMENTS (ID,NAME,HTML) values (60,'Work - Header','      <h1>Work</h1>
');
Insert into LARS_PROD.ELEMENTS (ID,NAME,HTML) values (61,'Bouvet - Text','      <h3>Bouvet ASA</h3>
      <br>
      <p>I started working at Bouvet ASA on March 1st, 2014. Bouvet is an IT-consultant company, and I work as a consultant writing software for their customers.</p>
');
Insert into LARS_PROD.ELEMENTS (ID,NAME,HTML) values (62,'Bouvet - Image','      <img src="http://content.larskristian.net/imgs/bouvet-work.jpg" />
');
Insert into LARS_PROD.ELEMENTS (ID,NAME,HTML) values (63,'Okta - Text','      <h3>Okta Inc.</h3>
      <br>
      <p>I will be starting to work for Okta Inc. on October 1st, 2014. Okta Inc. provides a single sign-on service to all your apps in the cloud or on-prem, from any device. The Okta Application Network works behind the scenes so the users can always get into their apps. I will be working as a software engineer.</p>
');
Insert into LARS_PROD.ELEMENTS (ID,NAME,HTML) values (64,'Okta - Image','      <img src="http://content.larskristian.net/imgs/okta-work.jpg" />
');
Insert into LARS_PROD.ELEMENTS (ID,NAME,HTML) values (65,'Welcome - Text','<p>Hi there,</p>
    <br>
    <p>
      My name is Lars Kristian Johansen, and the intention for this website is to show you who I am and what Iíve done in my life so far. 
      It will hopefully be able to give you interesting information both in my personal and professional life.
    </p>');
Insert into LARS_PROD.ELEMENTS (ID,NAME,HTML) values (66,'Welcome - Link About','      <div class="link-box-tall">
        <a href="#/about" style="background: url(''../img/about.png'') no-repeat 0% 50% transparent;"><p>About</p></a>
      </div>');
Insert into LARS_PROD.ELEMENTS (ID,NAME,HTML) values (67,'VERTICAL SPACE - SMALL','<br>');
Insert into LARS_PROD.ELEMENTS (ID,NAME,HTML) values (138,'Project - Yoddle - Link Middle','      <div class="link-box-tall disabled">
        <a style="background: url(''../img/download-disabled.png'') no-repeat 0% 50% transparent;"><p>No Download</p></a>
      </div>');
Insert into LARS_PROD.ELEMENTS (ID,NAME,HTML) values (139,'Project - Yoddle - Link Right','      <div class="link-box-tall disabled">
        <a style="background: url(''../img/website-disabled.png'') no-repeat 0% 50% transparent;"><p>No Website</p></a>
      </div>
      <br>');
Insert into LARS_PROD.ELEMENTS (ID,NAME,HTML) values (140,'Project - Decentralized Dropbox - Header Left','      <h1>Decentralized Dropbox</h1>');
Insert into LARS_PROD.ELEMENTS (ID,NAME,HTML) values (141,'Project - Decentralized Dropbox - Header Right','      <h1 class="right-year">Spring 2012 - Summer</h1>');
Insert into LARS_PROD.ELEMENTS (ID,NAME,HTML) values (142,'Project - Decentralized Dropbox - Link Left','      <div class="link-box-tall">
        <a href="https://bitbucket.org/larskrjo/cs262-decentralized-dropbox" target="_blank" style="background: url(''../img/bitbucket.png'') no-repeat 0% 50% transparent;"><p>Bitbucket</p></a>
      </div>');
Insert into LARS_PROD.ELEMENTS (ID,NAME,HTML) values (143,'Project - Decentralized Dropbox - Link Middle','      <div class="link-box-tall disabled">
        <a style="background: url(''../img/download-disabled.png'') no-repeat 0% 50% transparent;"><p>No Download</p></a>
      </div>');
Insert into LARS_PROD.ELEMENTS (ID,NAME,HTML) values (144,'Project - Decentralized Dropbox - Link Right','      <div class="link-box-tall disabled">
        <a style="background: url(''../img/website-disabled.png'') no-repeat 0% 50% transparent;"><p>No Website</p></a>
      </div>
      <br>');
Insert into LARS_PROD.ELEMENTS (ID,NAME,HTML) values (145,'Project - Decentralized Dropbox - Overview Left','      <img src="../img/projects/decentralizeddropbox/decentralizeddropbox.png">');
Insert into LARS_PROD.ELEMENTS (ID,NAME,HTML) values (147,'Project - Blokkokopter - Header Left','      <h1>Blokkokopter</h1>');
Insert into LARS_PROD.ELEMENTS (ID,NAME,HTML) values (148,'Project - Blokkokopter - Header Right','      <h1 class="right-year">Summer 2010 - Fall</h1>');
Insert into LARS_PROD.ELEMENTS (ID,NAME,HTML) values (149,'Project - Blokkokopter - Link Left','      <div class="link-box-tall">
        <a href="https://bitbucket.org/larskrjo/blokkokopter" target="_blank" style="background: url(''../img/bitbucket.png'') no-repeat 0% 50% transparent;"><p>Bitbucket</p></a>
      </div>');
Insert into LARS_PROD.ELEMENTS (ID,NAME,HTML) values (150,'Project - Blokkokopter - Link Middle','      <div class="link-box-tall disabled">
        <a style="background: url(''../img/download-disabled.png'') no-repeat 0% 50% transparent;"><p>No Download</p></a>
      </div>');
Insert into LARS_PROD.ELEMENTS (ID,NAME,HTML) values (151,'Project - Blokkokopter - Link Right','      <div class="link-box-tall disabled">
        <a style="background: url(''../img/website-disabled.png'') no-repeat 0% 50% transparent;"><p>No Website</p></a>
      </div>
      <br>');
Insert into LARS_PROD.ELEMENTS (ID,NAME,HTML) values (152,'Project - Blokkokopter - Overview Left','      <img src="../img/projects/blokkokopter/blokkokopter.png">');
Insert into LARS_PROD.ELEMENTS (ID,NAME,HTML) values (153,'Project - Blokkokopter - Overview Right','      <p>
I guess youíve seen this game or a similar game before; there are a thousand versions out there and I decided to implement my own simple version for fun. In includes a server which keeps track of the highscore for each person, so you can compare your score to other players.</p><br>');
Insert into LARS_PROD.ELEMENTS (ID,NAME,HTML) values (154,'Project - Bumpy Tails - Header Left','      <h1>Bumpy Tails</h1>');
Insert into LARS_PROD.ELEMENTS (ID,NAME,HTML) values (155,'Project - Bumpy Tails - Header Right','      <h1 class="right-year">Spring 2010 - Summer</h1>');
Insert into LARS_PROD.ELEMENTS (ID,NAME,HTML) values (156,'Project - Bumpy Tails - Link Left','      <div class="link-box-tall">
        <a href="https://bitbucket.org/larskrjo/bumpytails" target="_blank" style="background: url(''../img/bitbucket.png'') no-repeat 0% 50% transparent;"><p>Bitbucket</p></a>
      </div>');
Insert into LARS_PROD.ELEMENTS (ID,NAME,HTML) values (157,'Project - Bumpy Tails - Link Middle','      <div class="link-box-tall disabled">
        <a style="background: url(''../img/download-disabled.png'') no-repeat 0% 50% transparent;"><p>No Download</p></a>
      </div>');
Insert into LARS_PROD.ELEMENTS (ID,NAME,HTML) values (158,'Project - Bumpy Tails - Link Right','      <div class="link-box-tall disabled">
        <a style="background: url(''../img/website-disabled.png'') no-repeat 0% 50% transparent;"><p>No Website</p></a>
      </div>
      <br>');
Insert into LARS_PROD.ELEMENTS (ID,NAME,HTML) values (159,'Project - Bumpy Tails - Overview Left','      <img src="../img/projects/bumpytails/bumpytails.png">');
Insert into LARS_PROD.ELEMENTS (ID,NAME,HTML) values (161,'Project - PinkElephant - Header Left','      <h1>PinkElephant</h1>');
Insert into LARS_PROD.ELEMENTS (ID,NAME,HTML) values (162,'Project - PinkElephant - Header Right','      <h1 class="right-year">Spring 2012 - Summer</h1>');
Insert into LARS_PROD.ELEMENTS (ID,NAME,HTML) values (163,'Project - PinkElephant - Link Left','      <div class="link-box-tall">
        <a href="https://bitbucket.org/larskrjo/blokkokopter" target="_blank" style="background: url(''../img/bitbucket.png'') no-repeat 0% 50% transparent;"><p>Bitbucket</p></a>
      </div>');
Insert into LARS_PROD.ELEMENTS (ID,NAME,HTML) values (164,'Project - PinkElephant - Link Middle','      <div class="link-box-tall disabled">
        <a style="background: url(''../img/download-disabled.png'') no-repeat 0% 50% transparent;"><p>No Download</p></a>
      </div>');
Insert into LARS_PROD.ELEMENTS (ID,NAME,HTML) values (165,'Project - PinkElephant - Link Right','      <div class="link-box-tall">
        <a href="http://appcrawlr.com/ios/pinkelephant-cocktail-encyclope" target="_blank" style="background: url(''../img/website.png'') no-repeat 0% 50% transparent;"><p>Website</p></a>
      </div>
      <br>');
Insert into LARS_PROD.ELEMENTS (ID,NAME,HTML) values (166,'Project - PinkElephant - Overview Left','      <img src="../img/projects/pinkelephant/pinkelephant.png">');
Insert into LARS_PROD.ELEMENTS (ID,NAME,HTML) values (168,'Project - EWOS - Header Left','      <h1>EWOS</h1>');
Insert into LARS_PROD.ELEMENTS (ID,NAME,HTML) values (169,'Project - EWOS - Header Right','      <h1 class="right-year">Summer 2009</h1>');
Insert into LARS_PROD.ELEMENTS (ID,NAME,HTML) values (170,'Project - EWOS - Link Left','      <div class="link-box-tall disabled">
        <a style="background: url(''../img/github-disabled.png'') no-repeat 0% 50% transparent;"><p>No Github</p></a>
      </div>');
Insert into LARS_PROD.ELEMENTS (ID,NAME,HTML) values (171,'Project - EWOS - Link Middle','      <div class="link-box-tall disabled">
        <a style="background: url(''../img/download-disabled.png'') no-repeat 0% 50% transparent;"><p>No Download</p></a>
      </div>');
Insert into LARS_PROD.ELEMENTS (ID,NAME,HTML) values (172,'Project - EWOS - Link Right','      <div class="link-box-tall disabled">
        <a style="background: url(''../img/website-disabled.png'') no-repeat 0% 50% transparent;"><p>No Website</p></a>
      </div>
      <br>');
Insert into LARS_PROD.ELEMENTS (ID,NAME,HTML) values (173,'Project - EWOS - Overview Left','      <img src="../img/projects/ewos/ewos.png">');
Insert into LARS_PROD.ELEMENTS (ID,NAME,HTML) values (174,'Project - EWOS - Overview Right','      <p>
When I worked for Goodtech, I developed a dashboard solution for monitoring EWOS production. You can read more about Goodtechís relation to EWOS  <a href="http://www.goodtech.no/en/references/industry/ewos?openDocument" target="_blank">here</a>. It involved taking realtime data and displaying them in a dashboard-fashion.
</p><br>');
Insert into LARS_PROD.ELEMENTS (ID,NAME,HTML) values (175,'Project - NC WiFi - Header Left','      <h1>Network Coding in WiFi</h1>');
Insert into LARS_PROD.ELEMENTS (ID,NAME,HTML) values (176,'Project - NC WiFi - Header Right','      <h1 class="right-year">Spring 2013 - Fall</h1>');
Insert into LARS_PROD.ELEMENTS (ID,NAME,HTML) values (177,'Project - NC WiFi - Link Left','      <div class="link-box-tall">
        <a href="https://bitbucket.org/larskrjo/wifi-driver" target="_blank" style="background: url(''../img/bitbucket.png'') no-repeat 0% 50% transparent;"><p>Bitbucket</p></a>
      </div>');
Insert into LARS_PROD.ELEMENTS (ID,NAME,HTML) values (178,'Project - NC WiFi - Link Middle','      <div class="link-box-tall disabled">
        <a style="background: url(''../img/download-disabled.png'') no-repeat 0% 50% transparent;"><p>No Download</p></a>
      </div>');
Insert into LARS_PROD.ELEMENTS (ID,NAME,HTML) values (179,'Project - NC WiFi - Link Right','      <div class="link-box-tall disabled">
        <a style="background: url(''../img/website-disabled.png'') no-repeat 0% 50% transparent;"><p>No Website</p></a>
      </div>
      <br>');
Insert into LARS_PROD.ELEMENTS (ID,NAME,HTML) values (180,'Project - NC WiFi - Overview Left','      <img src="../img/projects/ncwifi/ncwifi.png">');
Insert into LARS_PROD.ELEMENTS (ID,NAME,HTML) values (188,'Project - O.D.A. - Header Left','      <h1>Online Document Aligner</h1>');
Insert into LARS_PROD.ELEMENTS (ID,NAME,HTML) values (189,'Project - O.D.A. - Header Right','      <h1 class="right-year">Fall 2011</h1>');
Insert into LARS_PROD.ELEMENTS (ID,NAME,HTML) values (190,'Project - O.D.A. - Link Left','      <div class="link-box-tall disabled">
        <a style="background: url(''../img/github-disabled.png'') no-repeat 0% 50% transparent;"><p>No Github</p></a>
      </div>');
Insert into LARS_PROD.ELEMENTS (ID,NAME,HTML) values (191,'Project - O.D.A. - Link Middle','      <div class="link-box-tall disabled">
        <a style="background: url(''../img/download-disabled.png'') no-repeat 0% 50% transparent;"><p>No Download</p></a>
      </div>');
Insert into LARS_PROD.ELEMENTS (ID,NAME,HTML) values (192,'Project - O.D.A. - Link Right','      <div class="link-box-tall disabled">
        <a style="background: url(''../img/website-disabled.png'') no-repeat 0% 50% transparent;"><p>No Website</p></a>
      </div>
      <br>');
Insert into LARS_PROD.ELEMENTS (ID,NAME,HTML) values (193,'Project - O.D.A. - Overview Left','      <img src="../img/projects/oda/oda.png">');
Insert into LARS_PROD.ELEMENTS (ID,NAME,HTML) values (103,'Projects - MENU - Blockout Battle Left','      <img src="../img/projects/blockoutbattle/blockoutbattle.png">
      <br><br>
      <div class="link-box-tall">
        <a href="#/programming/projects/blockoutbattle" style="background: url(''../img/projects.png'') no-repeat 0% 50% transparent;"><p>Visit Blockout Battle</p></a>        
      </div>');
Insert into LARS_PROD.ELEMENTS (ID,NAME,HTML) values (106,'Projects - menu - ScrabbleBot Left','      <img src="../img/projects/scrabblebot/scrabblebot.png">
      <br><br>
      <div class="link-box-tall">
        <a href="#/programming/projects/scrabblebot" style="background: url(''../img/projects.png'') no-repeat 0% 50% transparent;"><p>Visit ScrabbleBot</p></a>
      </div>');
Insert into LARS_PROD.ELEMENTS (ID,NAME,HTML) values (108,'Projects - menu - Wingman Left','      <img src="../img/projects/wingman/wingman.png">
      <br><br>
      <div class="link-box-tall">
        <a href="#/programming/projects/wingman" style="background: url(''../img/projects.png'') no-repeat 0% 50% transparent;"><p>Visit Wingman</p></a>
      </div>');
Insert into LARS_PROD.ELEMENTS (ID,NAME,HTML) values (109,'Projects - menu - Wingman Right','      <h3>Wingman</h3>
      <hr>
      <p>
Wingman is a project that gives you the opportunity to order drinks with your phones in specific bars. This project started out late 2011 in which I was introduced to in the beginning of 2012 by one of the co-founders, Edouard Godfrey. I dropped out of this project later that year, but it is still an ongoing startup with lots of interesting opportunities and challenges. Please visit their website for more information.
</p>
');
Insert into LARS_PROD.ELEMENTS (ID,NAME,HTML) values (110,'Project - Blockout Battle - Header Left','      <h1>Blockout Battle</h1>');
Insert into LARS_PROD.ELEMENTS (ID,NAME,HTML) values (111,'Project - Blockout Battle - Header Right','      <h1 class="right-year">Spring 2013 - Summer</h1>');
Insert into LARS_PROD.ELEMENTS (ID,NAME,HTML) values (112,'Project - Blockout Battle - Overview Left','      <img src="../img/projects/blockoutbattle/blockoutbattle.png">');
Insert into LARS_PROD.ELEMENTS (ID,NAME,HTML) values (113,'Project - Blockout Battle - Overview Right','<p>I have enjoyed programming for devices with limited resources for a long time, as I find it exciting to find clever solutions to problems that might not be a big deal in other environments. Blockout Battle is an Android game I worked on during the Spring/Summer. It challenges your brain and triggers your competitiveness both at the same time. It is a sliding block puzzle game where you are playing against your Facebook friends in order to earn coins and get achievements as you win. Please take a look at it if you are interested; it is available on Google Play. I have not used any gaming frameworks in order to make this game intentionally in order to learn as much as possible, so both the code and the graphics are made by me.</p>
      <br>');
Insert into LARS_PROD.ELEMENTS (ID,NAME,HTML) values (114,'Project - Blockout Battle - Link Left','      <div class="link-box-tall">
        <a href="https://bitbucket.org/larskrjo/blockout-battle" target="_blank" style="background: url(''../img/bitbucket.png'') no-repeat 0% 50% transparent;"><p>Bitbucket</p></a>
      </div>');
Insert into LARS_PROD.ELEMENTS (ID,NAME,HTML) values (115,'Project - Blockout Battle - Link Middle','      <div class="link-box-tall">
        <a href="https://play.google.com/store/apps/details?id=com.blockoutbattle" target="blank" style="background: url(''../img/googleplay.png'') no-repeat 0% 50% transparent;"><p>Google Play</p></a>
      </div>');
Insert into LARS_PROD.ELEMENTS (ID,NAME,HTML) values (116,'Project - Blockout Battle - Link Right','      <div class="link-box-tall">
        <a href="http://blockoutbattle.com" target="_blank" style="background: url(''../img/website.png'') no-repeat 0% 50% transparent;"><p>Website</p></a>
      </div>
      <br>');
Insert into LARS_PROD.ELEMENTS (ID,NAME,HTML) values (117,'Project - More Info','      <h3>More info</h3>
      <br>
      <p>Coming soon...</p><br><br><br><br><br><br>');
Insert into LARS_PROD.ELEMENTS (ID,NAME,HTML) values (118,'Project - My Website - Header Left','      <h1>My Website</h1>');
Insert into LARS_PROD.ELEMENTS (ID,NAME,HTML) values (119,'Project - My Website - Header Right','      <h1 class="right-year">Fall 2014 - Present</h1>');
Insert into LARS_PROD.ELEMENTS (ID,NAME,HTML) values (121,'Project - My Website - Overview Left','      <img src="../img/projects/mywebsite/mywebsite.png">');
Insert into LARS_PROD.ELEMENTS (ID,NAME,HTML) values (123,'Project - My Website - Link Left','      <div class="link-box-tall">
        <a href="https://github.com/larskrjo/larskristian.net" target="_blank" style="background: url(''../img/github.png'') no-repeat 0% 50% transparent;"><p>Github</p></a>
      </div>');
Insert into LARS_PROD.ELEMENTS (ID,NAME,HTML) values (124,'Project - My Website - Link Middle','      <div class="link-box-tall disabled">
        <a style="background: url(''../img/download-disabled.png'') no-repeat 0% 50% transparent;"><p>No Download</p></a>
      </div>');
Insert into LARS_PROD.ELEMENTS (ID,NAME,HTML) values (125,'Project - My Website - Link Right','      <div class="link-box-tall">
        <a href="http://larskristian.net" style="background: url(''../img/website.png'') no-repeat 0% 50% transparent;"><p>Website</p></a>
      </div>
      <br>');
Insert into LARS_PROD.ELEMENTS (ID,NAME,HTML) values (126,'Project - Wingman - Header Left','      <h1>Wingman</h1>');
Insert into LARS_PROD.ELEMENTS (ID,NAME,HTML) values (127,'Project - Wingman - Header Right','      <h1 class="right-year">Spring 2012 - Summer</h1>');
Insert into LARS_PROD.ELEMENTS (ID,NAME,HTML) values (128,'Project - Wingman - Overview Left','      <img src="../img/projects/wingman/wingman.png">');
Insert into LARS_PROD.ELEMENTS (ID,NAME,HTML) values (130,'Project - Wingman - Link Right','      <div class="link-box-tall">
        <a href="http://wingmanap.com" target="_blank" style="background: url(''../img/website.png'') no-repeat 0% 50% transparent;"><p>Website</p></a>
      </div>
      <br>');
Insert into LARS_PROD.ELEMENTS (ID,NAME,HTML) values (131,'Project - Wingman - Link Left','      <div class="link-box-tall disabled">
        <a style="background: url(''../img/github-disabled.png'') no-repeat 0% 50% transparent;"><p>No Github</p></a>
      </div>');
Insert into LARS_PROD.ELEMENTS (ID,NAME,HTML) values (132,'Project - Wingman - Link Middle','      <div class="link-box-tall disabled">
        <a style="background: url(''../img/download-disabled.png'') no-repeat 0% 50% transparent;"><p>No Download</p></a>
      </div>');
Insert into LARS_PROD.ELEMENTS (ID,NAME,HTML) values (133,'Project - Yoddle - Header Left','      <h1>Yoddle</h1>');
Insert into LARS_PROD.ELEMENTS (ID,NAME,HTML) values (1,'Education - Header','      <h1>Education</h1>
');
Insert into LARS_PROD.ELEMENTS (ID,NAME,HTML) values (134,'Project - Yoddle - Header Right','      <h1 class="right-year">Spring 2010 - Summer</h1>');
Insert into LARS_PROD.ELEMENTS (ID,NAME,HTML) values (3,'Welcome - Header','<h1>Welcome!</h1>');
Insert into LARS_PROD.ELEMENTS (ID,NAME,HTML) values (4,'Programming Heading','      <h1>Programming</h1>
');
Insert into LARS_PROD.ELEMENTS (ID,NAME,HTML) values (5,'Projects - Header','<h1>Projects</h1>');
Insert into LARS_PROD.ELEMENTS (ID,NAME,HTML) values (135,'Project - Yoddle - Overview Left','      <img src="../img/projects/yoddle/yoddle.png">');
Insert into LARS_PROD.ELEMENTS (ID,NAME,HTML) values (7,'Guides','<h1>Guides</h1>');
Insert into LARS_PROD.ELEMENTS (ID,NAME,HTML) values (8,'CV','<h1>Life on paper</h1>');
Insert into LARS_PROD.ELEMENTS (ID,NAME,HTML) values (21,'Early Life','      <h1>Early life</h1>
      <br>
      <p>I was born at UllevÂl Sykehus in Oslo, Norway on October 2nd, 1988.
      Since I was very young, I have always enjoyed technical things.
      It started out with building <a href="http://creative.lego.com/" class="text" target="_blank" >LEGO</a>, 
        in which I eventually had a small city consisting of buildings, cars and trains.</p>
      <br>
      <p>When I started school, 
      I became more interested in experimenting with objects,
       in which I embraced things that went fast, was loud, had an engine or otherwise seemed spectacular to me.
       It didn''t take long until I figured out how <a href="https://www.youtube.com/watch?v=nAjyTsglmIM" class="text" target="_blank">hot wax and ice cubes</a> worked together, and I still remember my friends eyebrows vanish in our little snow cave during a successful experiment.</p>
');
Insert into LARS_PROD.ELEMENTS (ID,NAME,HTML) values (41,'My Stuff Container','      <div class="login-container">

        <hr>
        <div align="center">
          <div class="link-box-tall-short">
            <a  href="http://private.larskristian.net" style="background: url(''../img/mystuff.png'') no-repeat 0% 50% transparent;"><p>Secret Place</p></a>
          </div>
        </div>
        <hr>
      </div>');
Insert into LARS_PROD.ELEMENTS (ID,NAME,HTML) values (42,'CLEAR','&nbsp;');
Insert into LARS_PROD.ELEMENTS (ID,NAME,HTML) values (43,'CV / Resume','      <h3>CV / Resume</h3>
      <br>
      <p>If you want to check out my CV / Resume, you can download it below.</p>
      <hr>
      <div class="link-box-tall">
        <a  href="http://content.larskristian.net/docs/CV.pdf" target="_blank" style="background: url(''../img/download.png'') no-repeat 0% 50% transparent;"><p>CV / Resume</p></a>
      </div>
      <p class="small">Latest update: September 6th, 2014.</p>
<br>');
Insert into LARS_PROD.ELEMENTS (ID,NAME,HTML) values (44,'Portfolio','      <h3>Portfolio</h3>
      <br>
      <p>I work on several projects both professionally and personally. These are listed in the portfolio, as well as projects I''ve been working on before. If you want to check them out, please download my portfolio below or visit the <a href="#/programming/projects">projects</a> section.</p>
      <hr>
      <div class="link-box-tall">
        <a  href="http://content.larskristian.net/docs/Portfolio.pdf" target="_blank" style="background: url(''../img/download.png'') no-repeat 0% 50% transparent;"><p>Portfolio</p></a>
      </div>

      <p class="small">Latest update: September 6th, 2014.</p>
<br> ');
Insert into LARS_PROD.ELEMENTS (ID,NAME,HTML) values (45,'Transcripts','      <h3>Transcripts</h3>
      <br>
      <p>I did coursework at both Harvard University and The Norwegian University of Science and Technology, so I have transcripts from both. If you want to check them out, download my transcripts below.</p>
      <hr>
      <div class="link-box-tall">
        <a  href="http://content.larskristian.net/docs/Transcript-Harvard.jpg" target="_blank" style="background: url(''../img/download.png'') no-repeat 0% 50% transparent;"><p>Transcript Harvard</p></a>
      </div>
      <p class="small">Latest update: September 6th, 2014.</p>
      <hr>
      <div class="link-box-tall">
        <a  href="http://content.larskristian.net/docs/Transcript-NTNU.pdf" target="_blank" style="background: url(''../img/download.png'') no-repeat 0% 50% transparent;"><p>Transcript NTNU</p></a>
      </div>
      <p class="small">Latest update: September 6th, 2014.</p>
<br>');
Insert into LARS_PROD.ELEMENTS (ID,NAME,HTML) values (46,'Programming Links - Projects','      <div class="link-box-tall">
        <a href="#/programming/projects" style="background: url(''../img/projects.png'') no-repeat 0% 50% transparent;"><p>Projects</p></a>
      </div>');
Insert into LARS_PROD.ELEMENTS (ID,NAME,HTML) values (47,'Programming Text','      <p>Inspecting, editing and producing code lines has been a hobby for me since I was 14-15 years old. It started out with a special interest in hosting a variety of servers, from gaming to web hosting. In the end of the teenages, I started more complex programming, and got interested in algorithms and data structures. From that time, I have been exceedingly interested in responsive design and efficient code, especially on devices with limited resources.</p>
      <br>
      <p>Take a look at the projects I''ve been working on or my guides in the menu above if you are interested.</p>
');
Insert into LARS_PROD.ELEMENTS (ID,NAME,HTML) values (48,'HORIZONTAL LINE','<hr class="section">');
Insert into LARS_PROD.ELEMENTS (ID,NAME,HTML) values (49,'Image Myself','      <div align="center"><img class="half-size" src="http://content.larskristian.net/imgs/me.jpg" /></div>
');
Insert into LARS_PROD.ELEMENTS (ID,NAME,HTML) values (50,'Vinderen Elementary School','      <h3>Vinderen elem. school</h3>
      <br>
      <img src="http://content.larskristian.net/imgs/vinderen-school.jpg" />
      <br><br>
      <p>I attended Vinderen elementary school in Oslo, Norway, from I was 6 to 12 years old. I had a great interest in scientific subjects, like mathematics and natural sciences. My friends and I were having a great time driving radio controlled cars on our spare time, and I definitely learned a lot in those years.</p>
');
Insert into LARS_PROD.ELEMENTS (ID,NAME,HTML) values (51,'Ris Mid School','      <h3>Ris mid school</h3>
      <br>
      <img src="http://content.larskristian.net/imgs/ris-school.jpg" />
      <br><br>
      <p>I attended Ris mid school in Oslo, Norway from I was 12 to 15 years old. During these three years, I developed an increasing interest for computers, both software and hardware. Although I still enjoyed driving radio controlled cars all day, I had to make up my mind for what kind of career I wanted to have in the future.</p>
');
Insert into LARS_PROD.ELEMENTS (ID,NAME,HTML) values (136,'Project - Yoddle - Overview Right','      <p>
Yoddle is a chat client and server system, which I made in collaboration with HÂvard Geithus while we both were students at The Norwegian University of Science and Technology. It involved making both server and clients for chatting, much like Facebook chat, except this is a desktop application.
</p><br>');
Insert into LARS_PROD.ELEMENTS (ID,NAME,HTML) values (137,'Project - Yoddle - Link Left','      <div class="link-box-tall">
        <a href="https://bitbucket.org/larskrjo/yoddle" target="_blank" style="background: url(''../img/github-disabled.png'') no-repeat 0% 50% transparent;"><p>Bitbucket</p></a>
      </div>');
Insert into LARS_PROD.ELEMENTS (ID,NAME,HTML) values (258,'Projects - menu - Blokkokopter Right','      <h3>Blokkokopter</h3>
      <hr>
      <p>
I guess youíve seen this game or a similar game before; there are a thousand versions out there and I decided to implement my own simple version for fun. In includes a server which keeps track of the highscore for each person, so you can compare your score to other players.</p>');
Insert into LARS_PROD.ELEMENTS (ID,NAME,HTML) values (259,'Projects - menu - Spago BI Integration Left','      <img src="../img/projects/spagobi/spagobi.png">
      <br><br>
      <div class="link-box-tall">
        <a href="#/programming/projects/spagobi" style="background: url(''../img/projects.png'') no-repeat 0% 50% transparent;"><p>Visit Spago BI</p></a>
      </div>');
Insert into LARS_PROD.ELEMENTS (ID,NAME,HTML) values (260,'Projects - menu - Spago BI Integration Right','      <h3>Spago BI Integration</h3>
      <hr>
      <p>
When I worked at Goodtech in the summer, I implemented a reporting system using SpagoBI. <a href="http://www.spagoworld.org/xwiki/bin/view/SpagoBI/" target="_blank">SpagoBI</a> supports day-to-day and strategic business, both at the decision-making and operational levels. SpagoBI is an open source business intelligence suite.
</p>');
Insert into LARS_PROD.ELEMENTS (ID,NAME,HTML) values (261,'Projects - menu - Sykle Til Jobben Left','      <img src="../img/projects/sykletiljobben/sykletiljobben.png">
      <br><br>
      <div class="link-box-tall">
        <a href="#/programming/projects/sykletiljobben" style="background: url(''../img/projects.png'') no-repeat 0% 50% transparent;"><p>Visit S.T.J.</p></a>
      </div>');
Insert into LARS_PROD.ELEMENTS (ID,NAME,HTML) values (194,'Project - O.D.A. - Overview Right','      <p>
Together with Edouard Godfrey, I worked on a project called Online Document Aligner in a course called Computing Foundations for Computational Science at Harvard University. We ended up making a video of it in the end, in which I unfortunately cannot find anymore.
</p>

<br>');
Insert into LARS_PROD.ELEMENTS (ID,NAME,HTML) values (195,'Project - RatePic - Header Left','      <h1>RatePic</h1>');
Insert into LARS_PROD.ELEMENTS (ID,NAME,HTML) values (196,'Project - RatePic - Header Right','      <h1 class="right-year">Spring 2012</h1>');
Insert into LARS_PROD.ELEMENTS (ID,NAME,HTML) values (330,'Guide - Oracle Database 12c - Configure Database - Content Part 1','    <h3>SQL Developer</h3>
    <br>
    <p>Oracle Database 12c comes with SQL Developer as well as other tools, and from SQL Developer you can manage your database easily. In order to start SQL Developer, follow these steps:</p>
    <ol class="circles-list">
      <li>
        <p>Go to <code class="language-bash">Start -> All Programs -> Oracle - OraDB12Home1 -> Application Development -> SQL Developer</code></p>
        <ul>
          <li>
            <p>If asked for full pathname for java.exe, find your local installation for Java JDK and click <i>OK</i>.</p>
          </li>
          <li>
            <p>If asked for selecting file types to associate with SQL Developer, choose whichever you like.</p>
          </li>
        </ul>
      </li>
    </ol>
    <br>
    <h3>Add user</h3>
    <br>
    <p>In order to add a user, you need to use SQL Developer. Follow these steps:</p>
    <ol class="circles-list">
      <li>
        <p>Go to <code class="language-bash">File -> New -> OK (Database Connection)</code></p>
      </li>
      <li>
        <p>Add the following information:</p>
        <ul>
          <li>
            <p><i>Connection Name</i>: <code class="language-bash">larskristian.net</code></p>
          </li>
          <li>
            <p><i>Username</i>: <code class="language-bash">system</code></p>
          </li>
          <li>
            <p><i>Password</i>: [The password you provided during installation]</p>
          </li>
          <li>
            <p>Select <i>Service Name</i> instead of <i>SID</i> and enter: <code class="language-bash">pdblkj.larskristian.net</code>.</p>
            <p>If you have used a different <i>Global Database name</i>, make sure to append it to the <i>Pluggable database name</i> in the same way. The <i>Service Name</i> should be on the form <i>[Pluggable database name].[Global Database name]</i> without the first part of the <i>Global Database name</i>.</p>
          </li>
        </ul>
        <p>Then click <i>Save</i> and <i>Connect</i>.</p>
      </li>
      <li>
        <p>Expand the connection <i>larskristian.net</i>.</p>
      </li>
      <li>
        <p>Right click on  <i>Other Users</i> and select <i>Create User...</i>. At the <i>User</i> tab, enter the following information:</p>
        <ul>
          <li>
            <p><i>User Name</i>: <code class="language-bash">lars</code></p>
          </li>
          <li>
            <p><i>New Password</i>: Choose whichever password for the user <i>lars</i> you want. Confirm the password as well.</p>
          </li>
          <li>
            <p><i>Default Tablespace</i>: <code class="language-bash">USERS</code></p>
          </li>
          <li>
            <p><i>Temporary Tablespace</i>: <code class="language-bash">TEMP</code></p>
          </li>
        </ul>
      </li>
      <li>
        <p>At the <i>Roles</i> tab, click on the following buttons:</p>
        <ul>
          <li>
            <p><i>Grant All</i></p>
          </li>
          <li>
            <p><i>Admin All</i></p>
          </li>
          <li>
            <p><i>Default All</i></p>
          </li>
        </ul>
      </li>
      <li>
        <p>At the <i>System Privileges</i> tab, click on the following buttons:</p>
        <ul>
          <li>
            <p><i>Grant All</i></p>
          </li>
          <li>
            <p><i>Admin All</i></p>
          </li>
        </ul>
      </li>
      <li>
        <p>At the <i>Quotas</i> tab, check the following:</p>
        <ul>
          <li>
            <p><i>USERS</i> to <i>Unlimited</i></p>
          </li>
        </ul>
      </li>
      <li>
        <p>Click <i>Apply</i> and <i>Close</i>. You can now close SQL Developer.</p>
      </li>
    </ol>
    <br>');
Insert into LARS_PROD.ELEMENTS (ID,NAME,HTML) values (331,'Guide - Oracle Database 12c - Configure Database - Content Part 2','    <h3>Add / Import / Export tables</h3>
    <br>
    <p>In order to do anything useful with your database, it helps to have one or more tables. Start SQL Developer, and do the following:</p>
    <ol class="circles-list">
      <li>
        <p>Assuming you have setup the connection for the database in the previous section, right click on the connection <i>larskristian.net</i> in the Connection tab.</p>
      </li>
      <li>
        <p>Select <i>Properties...</i></p>
      </li>
      <li>
        <p>Change <i>Username</i> to the username for the user you just created. Also change <i>Password</i> to the corresponding password for the user. You can also check <i>Save Password</i> if you don''t want to enter the password more than once.</p>
      </li>
      <li>
        <p>Click <i>Save</i> and <i>Connect</i>.</p>
      </li>
      <li>
        <p>Expand the connection <i>larskristian.net</i>.</p>
        <ul>
          <li>
            <p>To add a table, right click on <i>Tables</i> and select <i>New Table...</i>. Select <i>OK</i>.</p>
          </li>
          <li>
            <p>To import tables, go to <code class="language-bash">File -> Open...</code> and find your <code class="language-bash">.sql</code> file to import.</p>
          </li>
          <li>
            <p>To export tables, expand <i>Tables</i> and mark the tables you want to export. Then right click on them and choose <i>Export...</i>.</p>
          </li>
        </ul>
      </li>
    </ol>');
Insert into LARS_PROD.ELEMENTS (ID,NAME,HTML) values (353,'Guide - Oracle WebLogic 12c - Configure WebLogic - Content','    <h3>Setup Database Connection</h3>
    <br>
    <p>In order to use Oracle Database 12c with Oracle WebLogic 12c, you must set up a connection. In order to do this, start WebLogic and follow these steps:</p>
    <ol class="circles-list">
      <li>
        <p>Go to <code class="language-bash">http://localhost/console</code> and enter in your credentials from the setup.</p>
      </li>
      <li>
        <p>At <i>Domain Structure</i> on the left side, expand <i>Services</i>. Then click on <i>Data Sources</i>.</p>
      </li>
      <li>
        <p>Click on <i>New -> Generic Data Source</i>.</p>
      </li>
      <li>
        <p>At <i>Name</i> enter <code class="language-bash">lkjDS</code>. At <i>JNDI Name</i> enter <code class="language-bash">jdbc/lkjDS</code>. Clik <i>Next</i>.</p>
      </li>
      <li>
        <p>At <i>Database Driver</i> select <code class="language-bash">*Oracle''s Driver (Thin) for Instance connections; Versions:Any</code>. Click <i>Next</i>.</p>
      </li>
      <li>
        <p>Click <i>Next</i>.</p>
      </li>
      <li>
        <p>At <i>Database Name</i> enter <code class="language-bash">pdblkj.larskristian.net</code>, corresponding to the setup in the <a href="#/programming/guides/oracledatabase" target="_blank">Oracle Database 12c guide</a>.</p>
      </li>
      <li>
        <p>At <i>Hostname</i> enter <code class="language-bash">localhost</code>.</p>
      </li>
      <li>
        <p>At <i>Database User Name</i> enter <code class="language-bash">lars</code> that corresponds to the database username.</p>
      </li>
      <li>
        <p>At <i>Password</i> enter the password that corresponds to the database password, and confirm it. Then click <i>Next</i>.</p>
      </li>
      <li>
        <p>At <i>URL</i> change from:</p>
        <ul>
          <li><p><i>jdbc:oracle:thin:@localhost:1521:pdblkj.larskristian.net</i></p></li>
        </ul>
        <p>to</p>
        <ul>
          <li><p><i>jdbc:oracle:thin:@localhost:1521/pdblkj.larskristian.net</i></p></li>
        </ul>
      </li>
      <li>
        <p>Click <i>Next</i>. Check <i>Admin Server</i>. Click <i>Finish</i>.</p>
      </li>
    </ol>
    <br>
    <h3>Add Debugging Options</h3>
    <br>
    <p>In order to debug a web application in Oracle WebLogic 12c, you must have enabled this setting before starting WebLogic. Follow these steps to enable debugging:</p>
    <ol class="circles-list">
      <li>
        <p>Add <code class="language-bash">set JAVA_OPTIONS=%JAVA_OPTIONS% -Xdebug -Xrunjdwp:transport=dt_socket,server=y,suspend=n,address=81</code> prior to the line containing <code class="language-bash">if "%WLS_REDIRECT_LOG%"=="" (</code> in the file <code class="language-bash">C:OracleMiddlewareOracle_Homeuser_projectsdomainsbase_domainbinstartWebLogic.cmd</code></p>
      </li>
    </ol>
    <p>Restart WebLogic and you can now debug your application on port 81.</p>');
Insert into LARS_PROD.ELEMENTS (ID,NAME,HTML) values (335,'Guides - menu - Oracle WebLogic 12c Left','      <img src="../img/guides/oracleweblogic/oracleweblogic.png">');
Insert into LARS_PROD.ELEMENTS (ID,NAME,HTML) values (336,'Guides - menu - Oracle WebLogic 12c Right','      <h3>Oracle WebLogic 12c</h3>
      <br><br>
      <div class="link-box-tall">
        <a href="#/programming/guides/oracleweblogic" style="background: url(''../img/guides.png'') no-repeat 0% 50% transparent;"><p>Read WebLogic</p></a>
      </div>');
Insert into LARS_PROD.ELEMENTS (ID,NAME,HTML) values (337,'Guide - Oracle WebLogic 12c - Header Left','      <h1>Oracle WebLogic 12c Setup (Windows 7)</h1>');
Insert into LARS_PROD.ELEMENTS (ID,NAME,HTML) values (338,'Guide - Oracle WebLogic 12c - Header Right','      <h1 class="right-year">Last update: Sep 18, 2014</h1>');
Insert into LARS_PROD.ELEMENTS (ID,NAME,HTML) values (339,'Guide - OVERVIEW - Oracle WebLogic 12c Right','    <div class="link-box">
          <a ng-click="cmp.moveTo(''prepare-installation'')"><p class="top">1. Prepare for Installation</p></a>
          <a ng-click="cmp.moveTo(''download-software'')"><p>2. Download Software</p></a>
          <a ng-click="cmp.moveTo(''install-software'')"><p>3. Install Software</p></a>
          <a ng-click="cmp.moveTo(''configure-database'')"><p>4. Configure Software</p></a>
    </div>');
Insert into LARS_PROD.ELEMENTS (ID,NAME,HTML) values (340,'Guide - OVERVIEW - Oracle WebLogic 12c Left','    <img src="../img/guides/oracleweblogic/oracleweblogic.png">');
Insert into LARS_PROD.ELEMENTS (ID,NAME,HTML) values (341,'Guide - OVERVIEW - Oracle WebLogic 12c Middle','    <h3>Introduction</h3>
    <br>
    <p>This guide will show you how to set up Oracle WebLogic 12c on a single machine. It will go through a standard installation of Oracle WebLogic 12c, using arbitrary names, files and folders. If you wish to use other names, you can do that, but make sure you stay consistent throughout the guide.</p>
');
Insert into LARS_PROD.ELEMENTS (ID,NAME,HTML) values (342,'Guide - Oracle Database 12c - Prepare for Installation - Header Right','<h1 class="right-year">1</h1>');
Insert into LARS_PROD.ELEMENTS (ID,NAME,HTML) values (343,'Guide - Oracle Database 12c - Prepare for Installation - Header Left','<h1 id="prepare-installation">Prepare for installation</h1>');
Insert into LARS_PROD.ELEMENTS (ID,NAME,HTML) values (344,'Guide - Oracle WebLogic 12c - Prepare for Installation - Content','    <h3>Remove old software</h3>
    <br>
    <p>Before you can start installing Oracle WebLogic 12c, you have to remove old versions of the software if you have any.</p>
    <ol class="circles-list">
      <li>
        <p>Uninstall all Oracle WebLogic installations on the computer.</p>
      </li>
      <li>
        <p>Check that all services and files/folders are gone after uninstall.</p>
      </li>
    </ol>
    <p>You also need to make sure you have <a href="http://www.oracle.com/technetwork/java/javase/downloads/index.html" target="_blank">Java JDK</a> installed on the computer, and properly configured, in order to run the installation.</p>
');
Insert into LARS_PROD.ELEMENTS (ID,NAME,HTML) values (345,'Guide - Oracle WebLogic 12c - Download Software - Header Right','<h1 class="right-year">2</h1>');
Insert into LARS_PROD.ELEMENTS (ID,NAME,HTML) values (346,'Guide - Oracle WebLogic 12c - Download Software - Header Left','<h1 id="download-software">Download software</h1>');
Insert into LARS_PROD.ELEMENTS (ID,NAME,HTML) values (347,'Guide - Oracle WebLogic 12c - Download Software - Content','    <h3>Visit website</h3>
    <br>
    <p>Before you can set up Oracle WebLogic 12c, you have to download the required files.</p>
    <ol class="circles-list">
      <li>
        <a href="http://www.oracle.com/technetwork/middleware/weblogic/downloads/index.html" target="_blank">Download Oracle WebLogic 12c</a><br>
        <p>Accept the licence agreement and download the Generic WebLogic Server and Coherence installer for Free Oracle WebLogic Server 12c (12.1.3) Zip Distribution and Installers for Developers.</p>
        <code class="language-bash">fmw_12.1.3.0.0_wls.jar -> C:app</code><br>
        <p>Alternatively, if the download doesn''t work, you can download this file from <a href="http://content.larskristian.net/bins/guides/oracleweblogic" target="_blank">here</a>, as long as you read and accept the licence agreement.</p>
      </li>
    </ol>');
Insert into LARS_PROD.ELEMENTS (ID,NAME,HTML) values (348,'Guide - Oracle WebLogic 12c - Install Software - Header Left','<h1 id="install-software">Install software</h1>');
Insert into LARS_PROD.ELEMENTS (ID,NAME,HTML) values (349,'Guide - Oracle WebLogic 12c - Install Software - Header Right','<h1 class="right-year">3</h1>');
Insert into LARS_PROD.ELEMENTS (ID,NAME,HTML) values (350,'Guide - Oracle WebLogic 12c - Install Software - Content','    <h3>Run the setup</h3>
    <br>
    <p>Make sure you are logged in with an Administrator user. Follow the setup with default options, unless otherwise specified below.</p>
    <ol class="circles-list">
      <li>
        <p>In the start menu, enter <code class="language-bash">cmd.exe</code>. In the menu that comes up, right click on <code class="language-bash">cmd.exe</code> and choose <i>Run as administrator</i>.</p>
      </li>
      <li>
        <p>At the commandline, type <code class="language-bash">"C:Program FilesJavajdk1.7.0_67binjava.exe" -jar C:appfmw_12.1.3.0.0_wls.jar</code>. Make sure you replace the path of <code class="language-bash">java.exe</code> with your own JDK installation path.</p>
      </li>
      <li>
        <p>At <i>Security Updates</i>, enter in your email address, in case of important security updates.</p>
      </li>
      <li>
        <p>At <i>Installation Summary</i>, click <i>Save Response File...</i> and save the response file, in case you forget some of the information. Then click <i>Install</i>.</p>
      </li>
      <li>
        <p>At <i>Templates</i> check <i>WebLogic Coherence Cluster Extension - 12.1.3.0 [wlserver]</i>.</p>
      </li>
      <li>
        <p>In the section <i>Administrator Account</i>, at <i>Password</i> enter in a password for your server.</p>
      </li>
      <li>
        <p>In the section <i>Advanced Configuration</i> check all options.</p>
      </li>
      <li>
        <p>In the section <i>Administration Server</i>, at <i>Listen Port</i> enter <code class="language-bash">80</code>.</p>
      </li>
      <li>
        <p>In the section <i>Node Manager</i>, at <i>Username</i> enter <code class="language-bash">weblogic</code>. At <i>Password</i> enter in the same password as for your server.</p>
      </li>
    </ol>');
Insert into LARS_PROD.ELEMENTS (ID,NAME,HTML) values (351,'Guide - Oracle WebLogic 12c - Configure Software - Header Left','<h1 id="configure-database">Configure Software</h1>');
Insert into LARS_PROD.ELEMENTS (ID,NAME,HTML) values (352,'Guide - Oracle WebLogic 12c - Configure Software - Header Right','<h1 class="right-year">4</h1>');
Insert into LARS_PROD.ELEMENTS (ID,NAME,HTML) values (315,'Guide - OVERVIEW - Oracle Database 12c Right','    <div class="link-box">
          <a ng-click="cmp.moveTo(''prepare-installation'')"><p class="top">1. Prepare for Installation</p></a>
          <a ng-click="cmp.moveTo(''download-software'')"><p>2. Download Software</p></a>
          <a ng-click="cmp.moveTo(''install-software'')"><p>3. Install Software</p></a>
          <a ng-click="cmp.moveTo(''configure-database'')"><p>4. Configure Database</p></a>
    </div>');
Insert into LARS_PROD.ELEMENTS (ID,NAME,HTML) values (316,'Guide - Oracle Database 12c - Prepare for Installation - Header Left','<h1 id="prepare-installation">Prepare for installation</h1>');
Insert into LARS_PROD.ELEMENTS (ID,NAME,HTML) values (317,'Guide - Oracle Database 12c - Prepare for Installation - Header Right','<h1 class="right-year">1</h1>');
Insert into LARS_PROD.ELEMENTS (ID,NAME,HTML) values (318,'Guide - Header Extra','<hr>');
Insert into LARS_PROD.ELEMENTS (ID,NAME,HTML) values (319,'Guide - Oracle Database 12c - Prepare for Installation - Content','    <h3>Remove old software</h3>
    <br>
    <p>Before you can start installing Oracle Database 12c, you have to remove old versions of the software if you have any.</p>
    <ol class="circles-list">
      <li>
        <p>Uninstall all Oracle Database installations on the computer.</p>
      </li>
      <li>
        <p>Check that all services and files/folders are gone after uninstall.</p>
      </li>
    </ol>
    <p>You also need to make sure you have <a href="http://www.oracle.com/technetwork/java/javase/downloads/index.html" target="_blank">Java JDK</a> installed on the computer, and properly configured, in order to run the installation.</p>
');
Insert into LARS_PROD.ELEMENTS (ID,NAME,HTML) values (320,'Guide - Oracle Database 12c - Download Software - Header Left','<h1 id="download-software">Download software</h1>');
Insert into LARS_PROD.ELEMENTS (ID,NAME,HTML) values (321,'Guide - Oracle Database 12c - Download Software - Header Right','<h1 class="right-year">2</h1>');
Insert into LARS_PROD.ELEMENTS (ID,NAME,HTML) values (322,'Guide - Oracle Database 12c - Download Software - Content','    <h3>Visit website</h3>
    <br>
    <p>Before you can set up Oracle Database 12c, you have to download the required files.</p>
    <ol class="circles-list">
      <li>
        <a href="http://www.oracle.com/technetwork/database/enterprise-edition/downloads/index.html" target="_blank">Download Oracle Database 12c</a><br>
        <p>Accept the licence agreement and download Standard Edition for <i>Microsoft Windows x64 (64-bit)</i>, both <i>File 1</i> and <i>File 2</i>.</p>
        <code class="language-bash">winx64_12c_database_1of2.zip -> C:app</code><br>
        <code class="language-bash">winx64_12c_database_2of2.zip -> C:app</code><br>
        <p>Alternatively, if the download doesn''t work, you can download these files from <a href="http://content.larskristian.net/bins/guides/oracledatabase" target="_blank">here</a>, as long as you read and accept the licence agreement.</p>
      </li>
    </ol>
');
Insert into LARS_PROD.ELEMENTS (ID,NAME,HTML) values (323,'Guide - Oracle Database 12c - Install Software - Header Left','<h1 id="install-software">Install software</h1>');
Insert into LARS_PROD.ELEMENTS (ID,NAME,HTML) values (324,'Guide - Oracle Database 12c - Install Software - Header Right','<h1 class="right-year">3</h1>');
Insert into LARS_PROD.ELEMENTS (ID,NAME,HTML) values (325,'Guide - Oracle Database 12c - Install Software - Content','    <h3>Extract files and merge folders</h3>
    <br>
    <ol class="circles-list">
      <li>
        <p>Extract <code class="language-bash">C:appwinx64_12c_database_1of2.zip -> C:appwinx64_12c_database_1of2</code></p>
      </li>
      <li>
        <p>Extract <code class="language-bash">C:appwinx64_12c_database_1of2.zip -> C:appwinx64_12c_database_1of2</code></p>
      </li>
      <li>
        <p>Move all files and folders: <code class="language-bash">C:appwinx64_12c_database_2of2databasestageComponents -> C:appwinx64_12c_database_1of2databasestageComponents</code></p>
      </li>
    </ol>
    <br>
    <h3>Run the setup</h3>
    <br>
    <p>Make sure you are connected to internet before starting the setup, and that you are logged in with an Administrator user. Follow the setup with default options, unless otherwise specified below.</p>
    <ol class="circles-list">
      <li>
        <p>Run <code class="language-bash">C:appwinx64_12c_database_1of2databasesetup.exe</code>.</p>
      </li>
      <li>
        <p>At <i>Configure Security Updates</i>, enter in your email address, in case of important security updates.</p>
      </li>
      <li>
        <p>At <i>Software Updates</i>, use your Oracle credentials if you have any, else skip it.</p>
      </li>
      <li>
        <p>At <i>Oracle Home User Selection</i>, choose Windows Built-in Account.</p>
      </li>
      <li>
        <p>At <i>Typical Installation</i>, set:</p>
        <ul>
          <li>
            <p><i>Oracle base</i> to <code class="language-bash">C:Oracle</code></p>
          </li>
          <li>
            <p><i>Database edition</i> to <code class="language-bash">Standard Edition</code></p>
          </li>
          <li>
            <p><i>Global Database name</i> to <code class="language-bash">db.larskristian.net</code> (Make sure you provide a name with at least one dot!)</p>
          </li>
          <li>
            <p><i>Administrative password</i> to your preferred password, and confirm it</p>
          </li>
          <li>
            <p><i>Pluggable database name</i> to <code class="language-bash">pdblkj</code></p>
          </li>
        </ul>
        <p>Then click <i>Next</i>.</p>
      </li>
      <li>
        <p>At <i>Summary</i>, click <i>Save Response File...</i> and save the response file, in case you forget some of the information. Then click <i>Install</i>.</p>
      </li>
      <li>
        <p>When finished installing, click <i>OK</i>. Then at <i>Finish</i> click <i>Close</i>.</p>
      </li>
    </ol>');
Insert into LARS_PROD.ELEMENTS (ID,NAME,HTML) values (328,'Guide - Oracle Database 12c - Configure Database - Header Left','<h1 id="configure-database">Configure Database</h1>');
Insert into LARS_PROD.ELEMENTS (ID,NAME,HTML) values (329,'Guide - Oracle Database 12c - Configure Database - Header Right','<h1 class="right-year">4</h1>');
Insert into LARS_PROD.ELEMENTS (ID,NAME,HTML) values (262,'Projects - menu - Sykle Til Jobben Right','      <h3>Sykle Til Jobben</h3>
      <hr>
      <p>
While working at Bouvet, I developed Sykle Til Jobben in a team consisting of around 4-5 people. Sykle Til Jobben is an Android application, which is not for commercial but for internal use in the company. The application was developed to encourage people to use their bikes as their primary transportation to work. The ambition for this project was to expand it to more than Bouvet to make company-level competitions and awards rather than restricting to internal company awards and competitions.
</p>');
Insert into LARS_PROD.ELEMENTS (ID,NAME,HTML) values (104,'Projects - MENU - Blockout Battle Right','      <h3 class="left">Blockout Battle</h3><h3 class="right-year">Spring 2013 - Summer</h3>
      <hr class="section">
<p>I have enjoyed programming for devices with limited resources for a long time, as I find it exciting to find clever solutions to problems that might not be a big deal in other environments. Blockout Battle is an Android game I worked on during the Spring/Summer. It challenges your brain and triggers your competitiveness both at the same time. It is a sliding block puzzle game where you are playing against your Facebook friends in order to earn coins and get achievements as you win. Please take a look at it if you are interested; it is available on Google Play. I have not used any gaming frameworks in order to make this game intentionally in order to learn as much as possible, so both the code and the graphics are made by me.</p>');
Insert into LARS_PROD.ELEMENTS (ID,NAME,HTML) values (201,'Project - RatePic - Overview Right','      <p>
When I went to Harvard University, I worked on a project together with Omar Shammas called RatePic in a Big Data course. We created a website with fairly pretty images, in which the main purpose was to figure out how much people got affected by other people. So what we did was making up fake ratings for all the pictures and saw whether people voted for the picture they thought were popular. The conclusion was clear; people tended to vote for what they thought other people voted for.
</p><br>');
Insert into LARS_PROD.ELEMENTS (ID,NAME,HTML) values (250,'Projects - menu - RatePic Right','      <h3>RatePic</h3>
      <hr>
      <p>
When I went to Harvard University, I worked on a project together with Omar Shammas called RatePic in a Big Data course. We created a website with fairly pretty images, in which the main purpose was to figure out how much people got affected by other people. So what we did was making up fake ratings for all the pictures and saw whether people voted for the picture they thought were popular. The conclusion was clear; people tended to vote for what they thought other people voted for.
</p>');
Insert into LARS_PROD.ELEMENTS (ID,NAME,HTML) values (107,'Projects - menu - ScrabbleBot Right','      <h3>ScrabbleBot</h3>
      <hr>
      <p>
Have you ever tried to play Scrabble against a bot? When I went to Harvard University I worked on a project called ScrabbleBot in a course called Intelligent Machines. I worked on this together with HÂvard Hammer Normann and PÂl Nj¯lstad. The main purpose of this project was to create an intelligent scrabble player that should be able to beat people all up to professional level. We succeeded, by training our bot against itself as one of the techniques to improve the bot.
</p>');
Insert into LARS_PROD.ELEMENTS (ID,NAME,HTML) values (236,'Project - Sykle Til Jobben - Overview Right','      <p>
While working at Bouvet, I developed Sykle Til Jobben in a team consisting of around 4-5 people. Sykle Til Jobben is an Android application, which is not for commercial but for internal use in the company. The application was developed to encourage people to use their bikes as their primary transportation to work. The ambition for this project was to expand it to more than Bouvet to make company-level competitions and awards rather than restricting to internal company awards and competitions.
</p>
<br>');
Insert into LARS_PROD.ELEMENTS (ID,NAME,HTML) values (160,'Project - Bumpy Tails - Overview Right','      <p>
Have you ever played Zatacka? Or <a href="http://en.wikipedia.org/wiki/Achtung,_die_Kurve!" target="_blank">Achtung Die Kurve</a> also called?</p>
<br>
<p>I decided to create a game based on that. Bumpy Tails is a multiplayer realtime game for Android phones, so as long as you are on the same local intranet, you can play against each other using WiFi. 
</p><br>');
Insert into LARS_PROD.ELEMENTS (ID,NAME,HTML) values (222,'Project - Spago BI Integration - Overview Right','      <p>
When I worked at Goodtech in the summer, I implemented a reporting system using SpagoBI. <a href="http://www.spagoworld.org/xwiki/bin/view/SpagoBI/" target="_blank">SpagoBI</a> supports day-to-day and strategic business, both at the decision-making and operational levels. SpagoBI is an open source business intelligence suite.
</p><br>');
Insert into LARS_PROD.ELEMENTS (ID,NAME,HTML) values (181,'Project - NC WiFi - Overview Right','      <p>
I had the pleasure of being a Visiting Student at MIT, while writing my Master Thesis. This project is the experimental part of my Thesis and is made under the supervision of Professor Muriel MÈdard in The Network Coding and Reliable Communication Group at RLE, MIT. The experiment tries to improve the current efficiency in WiFi 802.11n. It does so in a setting of several receiving APís and one sending AP. Currently in WiFi 802.11n, it uses a recovery mechanism called ARQ which is integrated in WiFi, by retransmitting single packets that are lost. What I did was disable this feature in the 802.11n, and instead sending a few extra XOR-ed network coded (NC) packets that were a combination of the lost packets destined for the different clients. By observing the packet loss on each client, it was clear that they were not fully correlated, and that this fact could be taken advantage of.
      </p><br>
      <p>
Currently the only available code from this project is the modified open source WiFi driver, and not the application made for the sending and receiving APís.
      </p>
      <br>');
Insert into LARS_PROD.ELEMENTS (ID,NAME,HTML) values (240,'Projects - MENU - Network Coding in WiFi Right','      <h3 class="left">Network Coding in WiFi</h3><h3 class="right-year">Spring 2013 - Fall</h3>
      <hr class="section">
      <p>
I had the pleasure of being a Visiting Student at MIT, while writing my Master Thesis. This project is the experimental part of my Thesis and is made under the supervision of Professor Muriel MÈdard in The Network Coding and Reliable Communication Group at RLE, MIT. The experiment tries to improve the current efficiency in WiFi 802.11n. It does so in a setting of several receiving APís and one sending AP. Currently in WiFi 802.11n, it uses a recovery mechanism called ARQ which is integrated in WiFi, by retransmitting single packets that are lost. What I did was disable this feature in the 802.11n, and instead sending a few extra XOR-ed network coded (NC) packets that were a combination of the lost packets destined for the different clients. By observing the packet loss on each client, it was clear that they were not fully correlated, and that this fact could be taken advantage of.
      </p><br>
      <p>
Currently the only available code from this project is the modified open source WiFi driver, and not the application made for the sending and receiving APís.
      </p>');
Insert into LARS_PROD.ELEMENTS (ID,NAME,HTML) values (281,'Project - NC WiFi - Results - 2 Clients','<img src="../img/projects/ncwifi/two-clients.png">
');
Insert into LARS_PROD.ELEMENTS (ID,NAME,HTML) values (282,'Project - NC WiFi - Results - 3 Clients','<img src="../img/projects/ncwifi/three-clients.png">');
Insert into LARS_PROD.ELEMENTS (ID,NAME,HTML) values (283,'Project - NC WiFi - Results - Text','<p>In the illustrations, you can see that the number of packets needed to be transmitted because of packet loss using the authors scheme is up to 25% less than using the standard ARQ mechanism, for both 2 and 3 clients. It also shows that this scales with the number of clients.</p>
      <br>');
Insert into LARS_PROD.ELEMENTS (ID,NAME,HTML) values (284,'Project - NC WiFi - Results - Header','<h3>Results</h3>');
Insert into LARS_PROD.ELEMENTS (ID,NAME,HTML) values (285,'Master Thesis','      <h3>Master Thesis</h3>
      <br>
      <p>My Masterís Thesis is about Performance Enhancements in WiFi using Network Coding. If you want to check it out, please download my Thesis below.</p>
      <hr>
      <div class="link-box-tall">
        <a  href="http://content.larskristian.net/docs/Thesis.pdf" target="_blank" style="background: url(''../img/download.png'') no-repeat 0% 50% transparent;"><p>Thesis</p></a>
      </div>

      <p class="small">Latest update: December 26th, 2013.</p>
<br>');
Insert into LARS_PROD.ELEMENTS (ID,NAME,HTML) values (286,'Project - More Info - Invisible',' ');
Insert into LARS_PROD.ELEMENTS (ID,NAME,HTML) values (146,'Project - Decentralized Dropbox - Overview Right','      <p>
During my time as a student at Harvard University, I worked on a project together with Edouard Godfrey, David Darais and Omar Shammas in a class called Introduction to Distributed Computing. We were free to make anything we wanted to, as long as it was related to distributed computing. We came up with the idea of making a decentralized Dropbox. This involved making a solution like <a target="_blank" href="http://dropbox.com">Dropbox</a> in a decentralized way such that no central server was needed. The major problems with Dropbox in our eyes is the fact that you need to share your private data with a third party, and this project solved this problem.
</p>
<br>
<p>
There were a few technical challenges while making the Decentralized Dropbox. Since there are no central place where you have your files, real file conflicts can occur, and they need to be handled in both a consistent and a practical way. We decided to use the hash of the file as a mechanism to decide which of the conflicting files to delete and which to save.
</p><br>');
Insert into LARS_PROD.ELEMENTS (ID,NAME,HTML) values (238,'Projects - MENU - Decentralized Dropbox Right','      <h3 class="left">Decentralized Dropbox</h3><h3 class="right-year">Spring 2012 - Summer</h3>
      <hr class="section">
      <p>
During my time as a student at Harvard University, I worked on a project together with Edouard Godfrey, David Darais and Omar Shammas in a class called Introduction to Distributed Computing. We were free to make anything we wanted to, as long as it was related to distributed computing. We came up with the idea of making a decentralized Dropbox. This involved making a solution like <a target="_blank" href="http://dropbox.com">Dropbox</a> in a decentralized way such that no central server was needed. The major problems with Dropbox in our eyes is the fact that you need to share your private data with a third party, and this project solved this problem.
</p>
<br>
<p>
There were a few technical challenges while making the Decentralized Dropbox. Since there are no central place where you have your files, real file conflicts can occur, and they need to be handled in both a consistent and a practical way. We decided to use the hash of the file as a mechanism to decide which of the conflicting files to delete and which to save.
</p>');
Insert into LARS_PROD.ELEMENTS (ID,NAME,HTML) values (215,'Project - Space Chopper - Overview Right','      <p>
Space Chopper is a final project at an object oriented class at The Norwegian University og Science and Technology. I worked on this together with HÂvard Geithus, HÂvard L¯demel and Sigurd Wien. It is written in Java using Swing.</p><br>');
Insert into LARS_PROD.ELEMENTS (ID,NAME,HTML) values (254,'Projects - menu - Space Chopper Right','      <h3>Space Chopper</h3>
      <hr>
      <p>
Space Chopper is a final project at an object oriented class at The Norwegian University og Science and Technology. I worked on this together with HÂvard Geithus, HÂvard L¯demel and Sigurd Wien. It is written in Java using Swing.</p>');
Insert into LARS_PROD.ELEMENTS (ID,NAME,HTML) values (229,'Project - Spotify Web - Overview Right','<p>Most people have a media center at home. If you donít, you should get it :)</p>
<br>
<p>Have you ever felt the pain of having to physically use the media center to change songs on your speaker system? Wouldnít it be nice to adjust the volume, change songs and playlists from other devices as well, so when working on your laptop, you can dampen the volume when you need to concentrate, or turn it up on your favorite song? This was the motivation for this project.</p>
<br>
<p>Spotify Web allows you to adjust the volume, change songs and modify your playlist from any browser in real time. It also enables several people to modify a playlist at the same time, as anyone can access it from the web. This is a great feature for parties where anyone can suggest songs.</p><br>');
Insert into LARS_PROD.ELEMENTS (ID,NAME,HTML) values (242,'Projects - MENU - Spotify Web Right','      <h3 class="left">Spotify Web</h3><h3 class="right-year">Summer 2014</h3>
      <hr class="section">
      <p>Most people have a media center at home. If you donít, you should get it :)</p>
<br>
<p>Have you ever felt the pain of having to physically use the media center to change songs on your speaker system? Wouldnít it be nice to adjust the volume, change songs and playlists from other devices as well, so when working on your laptop, you can dampen the volume when you need to concentrate, or turn it up on your favorite song? This was the motivation for this project.</p>
<br>
<p>Spotify Web allows you to adjust the volume, change songs and modify your playlist from any browser in real time. It also enables several people to modify a playlist at the same time, as anyone can access it from the web. This is a great feature for parties where anyone can suggest songs.</p>');
Insert into LARS_PROD.ELEMENTS (ID,NAME,HTML) values (122,'Project - My Website - Overview Right','<p>I figured out that I wanted to make a new personal website, since my old one was getting outdated and I also wanted to learn popular frameworks and new technology.</p>
<br>
<p>I debated which database and webserver I were to use for this site. I could go for something light weight, or choose to dive into more heavy weight scalable solutions. I went for using <a href="http://www.oracle.com/us/products/database/overview/index.html" target="_blank">Oracle Database 12c</a> as my database backend together with <a href="http://www.oracle.com/us/products/middleware/cloud-app-foundation/weblogic/suite/overview/index.html" target="_blank">Oracle Middleware Weblogic 12.1.3</a> as my webserver.<p>
<br>
<p>On the backend, I chose to use <a href="http://spring.io/" target="_blank">Spring</a> together with <a href="http://maven.apache.org/" target="_blank">Maven</a>, also for the same reason as before; to learn how things works, as I am fully aware that it can easily be considered overkill for a personal website with little or no interaction with the users.</p>
<br>
<p>On the frontend, I decided to use <a href="https://angulardart.org/" target="_blank">AngularDart</a> as the web framework, as I really wanted to learn an increasingly popular web framework for frontend development. Also, the benefit of optional typing in Dart compared to Javascript made this a pleasant choice, compared to other Javascript frameworks.</p><br>');
Insert into LARS_PROD.ELEMENTS (ID,NAME,HTML) values (102,'Projects - MENU - Website Right','      <h3 class="left">My Website</h3><h3 class="right-year">Fall 2014 - Present</h3>
      <hr class="section">
<p>I figured out that I wanted to make a new personal website, since my old one was getting outdated and I also wanted to learn popular frameworks and new technology.</p>
<br>
<p>I debated which database and webserver I were to use for this site. I could go for something light weight, or choose to dive into more heavy weight scalable solutions. I went for using <a href="http://www.oracle.com/us/products/database/overview/index.html" target="_blank">Oracle Database 12c</a> as my database backend together with <a href="http://www.oracle.com/us/products/middleware/cloud-app-foundation/weblogic/suite/overview/index.html" target="_blank">Oracle Middleware Weblogic 12.1.3</a> as my webserver.<p>
<br>
<p>On the backend, I chose to use <a href="http://spring.io/" target="_blank">Spring</a> together with <a href="http://maven.apache.org/" target="_blank">Maven</a>, also for the same reason as before; to learn how things works, as I am fully aware that it can easily be considered overkill for a personal website with little or no interaction with the users.</p>
<br>
<p>On the frontend, I decided to use <a href="https://angulardart.org/" target="_blank">AngularDart</a> as the web framework, as I really wanted to learn an increasingly popular web framework for frontend development. Also, the benefit of optional typing in Dart compared to Javascript made this a pleasant choice, compared to other Javascript frameworks.</p>');
Insert into LARS_PROD.ELEMENTS (ID,NAME,HTML) values (129,'Project - Wingman - Overview Right','      <p>
Wingman is a project that gives you the opportunity to order drinks with your phones in specific bars. This project started out late 2011 in which I was introduced to in the beginning of 2012 by one of the co-founders, Edouard Godfrey. I dropped out of this project later that year, but it is still an ongoing startup with lots of interesting opportunities and challenges. Please visit their website for more information.
</p>
<br>');
Insert into LARS_PROD.ELEMENTS (ID,NAME,HTML) values (167,'Project - PinkElephant - Overview Right','      <p>
Do you sometimes have the feeling that you drink the same drinks over and over each time you are planning to go out? You just fetch whatever you have and mix it?</p>
<br>
<p>In a course called Mobile Software Engineering at Harvard University, I worked on a project together with Edouard Godfrey called PinkElephant. It is a cocktail application for iOS, so you can mix drinks by suggestions based on what you have in your fridge. This might just solve your problems of coming up with creative drinks for the evening...
</p>
<br>
<p>
It is currently not on the App Store, but please contact me if you want to obtain it.
</p><br>');
Insert into LARS_PROD.ELEMENTS (ID,NAME,HTML) values (287,'Project - EWOS - More information','<h3>
More information
</h3>');
Insert into LARS_PROD.ELEMENTS (ID,NAME,HTML) values (288,'Project - EWOS - More information Video','<p>
Below you can watch a video of what EWOS is all about.
</p>
<br>
<iframe src="http://www.youtube.com/embed/1QIJG2fzTdM" frameborder="0" class="ewos"></iframe>');
Insert into LARS_PROD.ELEMENTS (ID,NAME,HTML) values (289,'Guides - menu - Oracle Database 12c Left','      <img src="../img/guides/oracledatabase/oracledatabase.png">');
Insert into LARS_PROD.ELEMENTS (ID,NAME,HTML) values (290,'Guides - menu - Oracle Database 12c Right','      <h3>Oracle Database 12c</h3>
      <br><br>
      <div class="link-box-tall">
        <a href="#/programming/guides/oracledatabase" style="background: url(''../img/guides.png'') no-repeat 0% 50% transparent;"><p>Read Oracle DB</p></a>
      </div>');
Insert into LARS_PROD.ELEMENTS (ID,NAME,HTML) values (291,'Guide - Oracle Database 12c - Header Left','      <h1>Oracle Database 12c Setup (Windows 7)</h1>');
Insert into LARS_PROD.ELEMENTS (ID,NAME,HTML) values (292,'Guide - Oracle Database 12c - Header Right','      <h1 class="right-year">Last update: Sep 18, 2014</h1>');
Insert into LARS_PROD.ELEMENTS (ID,NAME,HTML) values (293,'Guide - OVERVIEW - Oracle Database 12c Middle','<h3>Introduction</h3>
<br>
<p>This guide will show you how to set up Oracle Database 12c with a single user on a single machine. It will go through a standard installation of Oracle Database 12c, using arbitrary names, files and folders. If you wish to use other names, you can do that, but make sure you stay consistent throughout the guide.</p>');
Insert into LARS_PROD.ELEMENTS (ID,NAME,HTML) values (294,'Guide - OVERVIEW - Oracle Database 12c Left','      <img src="../img/guides/oracledatabase/oracledatabase.png">');
Insert into LARS_PROD.ELEMENTS (ID,NAME,HTML) values (228,'Project - Spotify Web - Overview Left','      <img src="../img/projects/spotifyweb/spotifyweb.png">');
Insert into LARS_PROD.ELEMENTS (ID,NAME,HTML) values (230,'Project - Sykle Til Jobben - Header Left','      <h1>Sykle Til Jobben</h1>');
Insert into LARS_PROD.ELEMENTS (ID,NAME,HTML) values (231,'Project - Sykle Til Jobben - Header Right','      <h1 class="right-year">Summer 2011</h1>');
Insert into LARS_PROD.ELEMENTS (ID,NAME,HTML) values (232,'Project - Sykle Til Jobben - Link Left','      <div class="link-box-tall disabled">
        <a style="background: url(''../img/github-disabled.png'') no-repeat 0% 50% transparent;"><p>No Github</p></a>
      </div>');
Insert into LARS_PROD.ELEMENTS (ID,NAME,HTML) values (233,'Project - Sykle Til Jobben - Link Middle','      <div class="link-box-tall disabled">
        <a style="background: url(''../img/download-disabled.png'') no-repeat 0% 50% transparent;"><p>No Download</p></a>
      </div>');
Insert into LARS_PROD.ELEMENTS (ID,NAME,HTML) values (234,'Project - Sykle Til Jobben - Link Right','      <div class="link-box-tall">
        <a href="http://bouvet.no" target="_blank"  style="background: url(''../img/website.png'') no-repeat 0% 50% transparent;"><p>Website</p></a>
      </div>
      <br>');
Insert into LARS_PROD.ELEMENTS (ID,NAME,HTML) values (235,'Project - Sykle Til Jobben - Overview Left','      <img src="../img/projects/sykletiljobben/sykletiljobben.png">');
Insert into LARS_PROD.ELEMENTS (ID,NAME,HTML) values (237,'Projects - MENU - Decentralized Dropbox Left','      <img src="../img/projects/decentralizeddropbox/decentralizeddropbox.png">
      <br><br>
      <div class="link-box-tall">
        <a href="#/programming/projects/decentralizeddropbox" style="background: url(''../img/projects.png'') no-repeat 0% 50% transparent;"><p>Visit Decentralized Dropbox</p></a>        
      </div>');
Insert into LARS_PROD.ELEMENTS (ID,NAME,HTML) values (239,'Projects - MENU - Network Coding in WiFi Left','      <img src="../img/projects/ncwifi/ncwifi.png">
      <br><br>
      <div class="link-box-tall">
        <a href="#/programming/projects/ncwifi" style="background: url(''../img/projects.png'') no-repeat 0% 50% transparent;"><p>Visit Network Coding in WiFi</p></a>        
      </div>');
Insert into LARS_PROD.ELEMENTS (ID,NAME,HTML) values (241,'Projects - MENU - Spotify Web Left','      <img src="../img/projects/spotifyweb/spotifyweb.png">
      <br><br>
      <div class="link-box-tall">
        <a href="#/programming/projects/spotifyweb" style="background: url(''../img/projects.png'') no-repeat 0% 50% transparent;"><p>Visit Spotify Web</p></a>        
      </div>');
Insert into LARS_PROD.ELEMENTS (ID,NAME,HTML) values (243,'Projects - menu - Yoddle Left','      <img src="../img/projects/yoddle/yoddle.png">
      <br><br>
      <div class="link-box-tall">
        <a href="#/programming/projects/yoddle" style="background: url(''../img/projects.png'') no-repeat 0% 50% transparent;"><p>Visit Yoddle</p></a>
      </div>');
Insert into LARS_PROD.ELEMENTS (ID,NAME,HTML) values (244,'Projects - menu - Yoddle Right','      <h3>Yoddle</h3>
      <hr>
      <p>
Yoddle is a chat client and server system, which I made in collaboration with HÂvard Geithus while we both were students at The Norwegian University of Science and Technology. It involved making both server and clients for chatting, much like Facebook chat, except this is a desktop application.
</p>');
Insert into LARS_PROD.ELEMENTS (ID,NAME,HTML) values (245,'Projects - menu - Bumpy Tails Left','      <img src="../img/projects/bumpytails/bumpytails.png">
      <br><br>
      <div class="link-box-tall">
        <a href="#/programming/projects/bumpytails" style="background: url(''../img/projects.png'') no-repeat 0% 50% transparent;"><p>Visit Bumpy Tails</p></a>
      </div>');
Insert into LARS_PROD.ELEMENTS (ID,NAME,HTML) values (246,'Projects - menu - PinkElephant Left','      <img src="../img/projects/pinkelephant/pinkelephant.png">
      <br><br>
      <div class="link-box-tall">
        <a href="#/programming/projects/pinkelephant" style="background: url(''../img/projects.png'') no-repeat 0% 50% transparent;"><p>Visit PinkElephant</p></a>
      </div>');
Insert into LARS_PROD.ELEMENTS (ID,NAME,HTML) values (247,'Projects - menu - Bumpy Tails Right','      <h3>Bumpy Tails</h3>
      <hr>
      <p>
Have you ever played Zatacka? Or <a href="http://en.wikipedia.org/wiki/Achtung,_die_Kurve!" target="_blank">Achtung Die Kurve</a> also called?</p>
<br>
<p>I decided to create a game based on that. Bumpy Tails is a multiplayer realtime game for Android phones, so as long as you are on the same local intranet, you can play against each other using WiFi. 
</p>');
Insert into LARS_PROD.ELEMENTS (ID,NAME,HTML) values (248,'Projects - menu - PinkElephant Right','      <h3>PinkElephant</h3>
      <hr>
      <p>
Do you sometimes have the feeling that you drink the same drinks over and over each time you are planning to go out? You just fetch whatever you have and mix it?</p>
<br>
<p>In a course called Mobile Software Engineering at Harvard University, I worked on a project together with Edouard Godfrey called PinkElephant. It is a cocktail application for iOS, so you can mix drinks by suggestions based on what you have in your fridge. This might just solve your problems of coming up with creative drinks for the evening...
</p>
');
Insert into LARS_PROD.ELEMENTS (ID,NAME,HTML) values (249,'Projects - menu - RatePic Left','      <img src="../img/projects/ratepic/ratepic.png">
      <br><br>
      <div class="link-box-tall">
        <a href="#/programming/projects/ratepic" style="background: url(''../img/projects.png'') no-repeat 0% 50% transparent;"><p>Visit RatePic</p></a>
      </div>');
Insert into LARS_PROD.ELEMENTS (ID,NAME,HTML) values (251,'Projects - menu - O.D.A. Left','      <img src="../img/projects/oda/oda.png">
      <br><br>
      <div class="link-box-tall">
        <a href="#/programming/projects/oda" style="background: url(''../img/projects.png'') no-repeat 0% 50% transparent;"><p>Visit O.D.A.</p></a>
      </div>');
Insert into LARS_PROD.ELEMENTS (ID,NAME,HTML) values (252,'Projects - menu - O.D.A. Right','      <h3>Online Document Aligner</h3>
      <hr>
      <p>
Together with Edouard Godfrey, I worked on a project called Online Document Aligner in a course called Computing Foundations for Computational Science at Harvard University. We ended up making a video of it in the end, in which I unfortunately cannot find anymore.
</p>

');
Insert into LARS_PROD.ELEMENTS (ID,NAME,HTML) values (253,'Projects - menu - Space Chopper Left','      <img src="../img/projects/spacechopper/spacechopper.png">
      <br><br>
      <div class="link-box-tall">
        <a href="#/programming/projects/spacechopper" style="background: url(''../img/projects.png'') no-repeat 0% 50% transparent;"><p>Visit Space Chopper</p></a>
      </div>');
Insert into LARS_PROD.ELEMENTS (ID,NAME,HTML) values (255,'Projects - menu - EWOS Left','      <img src="../img/projects/ewos/ewos.png">
      <br><br>
      <div class="link-box-tall">
        <a href="#/programming/projects/ewos" style="background: url(''../img/projects.png'') no-repeat 0% 50% transparent;"><p>Visit EWOS</p></a>
      </div>');
Insert into LARS_PROD.ELEMENTS (ID,NAME,HTML) values (256,'Projects - menu - EWOS Right','      <h3>EWOS Dashboard</h3>
      <hr>
      <p>
When I worked for Goodtech, I developed a dashboard solution for monitoring EWOS production. You can read more about Goodtechís relation to EWOS  <a href="http://www.goodtech.no/en/references/industry/ewos?openDocument" target="_blank">here</a>. It involved taking realtime data and displaying them in a dashboard-fashion.
</p>');
Insert into LARS_PROD.ELEMENTS (ID,NAME,HTML) values (257,'Projects - menu - Blokkokopter Left','      <img src="../img/projects/blokkokopter/blokkokopter.png">
      <br><br>
      <div class="link-box-tall">
        <a href="#/programming/projects/blokkokopter" style="background: url(''../img/projects.png'') no-repeat 0% 50% transparent;"><p>Visit Blokkokopter</p></a>
      </div>');

Insert into LARS_PROD.PAGES (ID,NAME) values (61,'Guide - Oracle Database 12c');
Insert into LARS_PROD.PAGES (ID,NAME) values (41,'Dev');
Insert into LARS_PROD.PAGES (ID,NAME) values (42,'Project - Blockout Battle');
Insert into LARS_PROD.PAGES (ID,NAME) values (43,'Project - My Website');
Insert into LARS_PROD.PAGES (ID,NAME) values (44,'Project - Wingman');
Insert into LARS_PROD.PAGES (ID,NAME) values (45,'Project - Yoddle');
Insert into LARS_PROD.PAGES (ID,NAME) values (46,'Project - Decentralized Dropbox');
Insert into LARS_PROD.PAGES (ID,NAME) values (47,'Project - Blokkokopter');
Insert into LARS_PROD.PAGES (ID,NAME) values (48,'Project - Bumpy Tails');
Insert into LARS_PROD.PAGES (ID,NAME) values (49,'Project - PinkElephant');
Insert into LARS_PROD.PAGES (ID,NAME) values (50,'Project - EWOS Dashboard');
Insert into LARS_PROD.PAGES (ID,NAME) values (51,'Project - Network Coding in WiFi');
Insert into LARS_PROD.PAGES (ID,NAME) values (52,'Project - Online Document Aligner');
Insert into LARS_PROD.PAGES (ID,NAME) values (53,'Project - RatePic');
Insert into LARS_PROD.PAGES (ID,NAME) values (54,'Project - ScrabbleBot');
Insert into LARS_PROD.PAGES (ID,NAME) values (55,'Project - Space Chopper');
Insert into LARS_PROD.PAGES (ID,NAME) values (56,'Project - Spago BI Integration');
Insert into LARS_PROD.PAGES (ID,NAME) values (57,'Project - Spotify Web');
Insert into LARS_PROD.PAGES (ID,NAME) values (58,'Project - Sykle Til Jobben');
Insert into LARS_PROD.PAGES (ID,NAME) values (1,'About');
Insert into LARS_PROD.PAGES (ID,NAME) values (2,'Home');
Insert into LARS_PROD.PAGES (ID,NAME) values (3,'Programming');
Insert into LARS_PROD.PAGES (ID,NAME) values (4,'Projects');
Insert into LARS_PROD.PAGES (ID,NAME) values (6,'Guides');
Insert into LARS_PROD.PAGES (ID,NAME) values (7,'CV');
Insert into LARS_PROD.PAGES (ID,NAME) values (21,'My Stuff');
Insert into LARS_PROD.PAGES (ID,NAME) values (62,'Guide - Oracle WebLogic 12c');

Insert into LARS_PROD.PAGES_SECTIONS_REF (PAGES_ID,SECTIONS_ID,SEQ_NUM) values (61,46,4);
Insert into LARS_PROD.PAGES_SECTIONS_REF (PAGES_ID,SECTIONS_ID,SEQ_NUM) values (61,188,5);
Insert into LARS_PROD.PAGES_SECTIONS_REF (PAGES_ID,SECTIONS_ID,SEQ_NUM) values (61,189,6);
Insert into LARS_PROD.PAGES_SECTIONS_REF (PAGES_ID,SECTIONS_ID,SEQ_NUM) values (61,190,8);
Insert into LARS_PROD.PAGES_SECTIONS_REF (PAGES_ID,SECTIONS_ID,SEQ_NUM) values (61,191,9);
Insert into LARS_PROD.PAGES_SECTIONS_REF (PAGES_ID,SECTIONS_ID,SEQ_NUM) values (61,46,7);
Insert into LARS_PROD.PAGES_SECTIONS_REF (PAGES_ID,SECTIONS_ID,SEQ_NUM) values (61,46,10);
Insert into LARS_PROD.PAGES_SECTIONS_REF (PAGES_ID,SECTIONS_ID,SEQ_NUM) values (61,192,11);
Insert into LARS_PROD.PAGES_SECTIONS_REF (PAGES_ID,SECTIONS_ID,SEQ_NUM) values (61,193,12);
Insert into LARS_PROD.PAGES_SECTIONS_REF (PAGES_ID,SECTIONS_ID,SEQ_NUM) values (61,46,13);
Insert into LARS_PROD.PAGES_SECTIONS_REF (PAGES_ID,SECTIONS_ID,SEQ_NUM) values (61,194,14);
Insert into LARS_PROD.PAGES_SECTIONS_REF (PAGES_ID,SECTIONS_ID,SEQ_NUM) values (61,195,15);
Insert into LARS_PROD.PAGES_SECTIONS_REF (PAGES_ID,SECTIONS_ID,SEQ_NUM) values (51,181,11);
Insert into LARS_PROD.PAGES_SECTIONS_REF (PAGES_ID,SECTIONS_ID,SEQ_NUM) values (50,182,11);
Insert into LARS_PROD.PAGES_SECTIONS_REF (PAGES_ID,SECTIONS_ID,SEQ_NUM) values (50,62,10);
Insert into LARS_PROD.PAGES_SECTIONS_REF (PAGES_ID,SECTIONS_ID,SEQ_NUM) values (6,44,2);
Insert into LARS_PROD.PAGES_SECTIONS_REF (PAGES_ID,SECTIONS_ID,SEQ_NUM) values (6,183,3);
Insert into LARS_PROD.PAGES_SECTIONS_REF (PAGES_ID,SECTIONS_ID,SEQ_NUM) values (61,185,1);
Insert into LARS_PROD.PAGES_SECTIONS_REF (PAGES_ID,SECTIONS_ID,SEQ_NUM) values (61,44,2);
Insert into LARS_PROD.PAGES_SECTIONS_REF (PAGES_ID,SECTIONS_ID,SEQ_NUM) values (61,186,3);
Insert into LARS_PROD.PAGES_SECTIONS_REF (PAGES_ID,SECTIONS_ID,SEQ_NUM) values (2,61,5);
Insert into LARS_PROD.PAGES_SECTIONS_REF (PAGES_ID,SECTIONS_ID,SEQ_NUM) values (2,46,4);
Insert into LARS_PROD.PAGES_SECTIONS_REF (PAGES_ID,SECTIONS_ID,SEQ_NUM) values (3,62,2);
Insert into LARS_PROD.PAGES_SECTIONS_REF (PAGES_ID,SECTIONS_ID,SEQ_NUM) values (3,63,3);
Insert into LARS_PROD.PAGES_SECTIONS_REF (PAGES_ID,SECTIONS_ID,SEQ_NUM) values (47,44,2);
Insert into LARS_PROD.PAGES_SECTIONS_REF (PAGES_ID,SECTIONS_ID,SEQ_NUM) values (4,44,2);
Insert into LARS_PROD.PAGES_SECTIONS_REF (PAGES_ID,SECTIONS_ID,SEQ_NUM) values (4,81,3);
Insert into LARS_PROD.PAGES_SECTIONS_REF (PAGES_ID,SECTIONS_ID,SEQ_NUM) values (4,84,4);
Insert into LARS_PROD.PAGES_SECTIONS_REF (PAGES_ID,SECTIONS_ID,SEQ_NUM) values (4,158,11);
Insert into LARS_PROD.PAGES_SECTIONS_REF (PAGES_ID,SECTIONS_ID,SEQ_NUM) values (4,84,12);
Insert into LARS_PROD.PAGES_SECTIONS_REF (PAGES_ID,SECTIONS_ID,SEQ_NUM) values (4,165,23);
Insert into LARS_PROD.PAGES_SECTIONS_REF (PAGES_ID,SECTIONS_ID,SEQ_NUM) values (4,46,24);
Insert into LARS_PROD.PAGES_SECTIONS_REF (PAGES_ID,SECTIONS_ID,SEQ_NUM) values (42,86,1);
Insert into LARS_PROD.PAGES_SECTIONS_REF (PAGES_ID,SECTIONS_ID,SEQ_NUM) values (42,44,2);
Insert into LARS_PROD.PAGES_SECTIONS_REF (PAGES_ID,SECTIONS_ID,SEQ_NUM) values (42,87,3);
Insert into LARS_PROD.PAGES_SECTIONS_REF (PAGES_ID,SECTIONS_ID,SEQ_NUM) values (42,46,4);
Insert into LARS_PROD.PAGES_SECTIONS_REF (PAGES_ID,SECTIONS_ID,SEQ_NUM) values (42,62,5);
Insert into LARS_PROD.PAGES_SECTIONS_REF (PAGES_ID,SECTIONS_ID,SEQ_NUM) values (42,88,6);
Insert into LARS_PROD.PAGES_SECTIONS_REF (PAGES_ID,SECTIONS_ID,SEQ_NUM) values (42,46,7);
Insert into LARS_PROD.PAGES_SECTIONS_REF (PAGES_ID,SECTIONS_ID,SEQ_NUM) values (42,62,8);
Insert into LARS_PROD.PAGES_SECTIONS_REF (PAGES_ID,SECTIONS_ID,SEQ_NUM) values (42,89,9);
Insert into LARS_PROD.PAGES_SECTIONS_REF (PAGES_ID,SECTIONS_ID,SEQ_NUM) values (42,46,10);
Insert into LARS_PROD.PAGES_SECTIONS_REF (PAGES_ID,SECTIONS_ID,SEQ_NUM) values (43,90,1);
Insert into LARS_PROD.PAGES_SECTIONS_REF (PAGES_ID,SECTIONS_ID,SEQ_NUM) values (43,44,2);
Insert into LARS_PROD.PAGES_SECTIONS_REF (PAGES_ID,SECTIONS_ID,SEQ_NUM) values (43,91,3);
Insert into LARS_PROD.PAGES_SECTIONS_REF (PAGES_ID,SECTIONS_ID,SEQ_NUM) values (43,46,4);
Insert into LARS_PROD.PAGES_SECTIONS_REF (PAGES_ID,SECTIONS_ID,SEQ_NUM) values (43,62,5);
Insert into LARS_PROD.PAGES_SECTIONS_REF (PAGES_ID,SECTIONS_ID,SEQ_NUM) values (43,92,6);
Insert into LARS_PROD.PAGES_SECTIONS_REF (PAGES_ID,SECTIONS_ID,SEQ_NUM) values (43,46,7);
Insert into LARS_PROD.PAGES_SECTIONS_REF (PAGES_ID,SECTIONS_ID,SEQ_NUM) values (43,62,8);
Insert into LARS_PROD.PAGES_SECTIONS_REF (PAGES_ID,SECTIONS_ID,SEQ_NUM) values (44,44,2);
Insert into LARS_PROD.PAGES_SECTIONS_REF (PAGES_ID,SECTIONS_ID,SEQ_NUM) values (43,93,9);
Insert into LARS_PROD.PAGES_SECTIONS_REF (PAGES_ID,SECTIONS_ID,SEQ_NUM) values (43,46,10);
Insert into LARS_PROD.PAGES_SECTIONS_REF (PAGES_ID,SECTIONS_ID,SEQ_NUM) values (44,94,1);
Insert into LARS_PROD.PAGES_SECTIONS_REF (PAGES_ID,SECTIONS_ID,SEQ_NUM) values (44,95,3);
Insert into LARS_PROD.PAGES_SECTIONS_REF (PAGES_ID,SECTIONS_ID,SEQ_NUM) values (44,46,4);
Insert into LARS_PROD.PAGES_SECTIONS_REF (PAGES_ID,SECTIONS_ID,SEQ_NUM) values (44,62,5);
Insert into LARS_PROD.PAGES_SECTIONS_REF (PAGES_ID,SECTIONS_ID,SEQ_NUM) values (44,96,6);
Insert into LARS_PROD.PAGES_SECTIONS_REF (PAGES_ID,SECTIONS_ID,SEQ_NUM) values (44,46,7);
Insert into LARS_PROD.PAGES_SECTIONS_REF (PAGES_ID,SECTIONS_ID,SEQ_NUM) values (44,62,8);
Insert into LARS_PROD.PAGES_SECTIONS_REF (PAGES_ID,SECTIONS_ID,SEQ_NUM) values (44,46,10);
Insert into LARS_PROD.PAGES_SECTIONS_REF (PAGES_ID,SECTIONS_ID,SEQ_NUM) values (44,97,9);
Insert into LARS_PROD.PAGES_SECTIONS_REF (PAGES_ID,SECTIONS_ID,SEQ_NUM) values (45,98,1);
Insert into LARS_PROD.PAGES_SECTIONS_REF (PAGES_ID,SECTIONS_ID,SEQ_NUM) values (45,44,2);
Insert into LARS_PROD.PAGES_SECTIONS_REF (PAGES_ID,SECTIONS_ID,SEQ_NUM) values (45,99,3);
Insert into LARS_PROD.PAGES_SECTIONS_REF (PAGES_ID,SECTIONS_ID,SEQ_NUM) values (45,46,4);
Insert into LARS_PROD.PAGES_SECTIONS_REF (PAGES_ID,SECTIONS_ID,SEQ_NUM) values (45,62,5);
Insert into LARS_PROD.PAGES_SECTIONS_REF (PAGES_ID,SECTIONS_ID,SEQ_NUM) values (45,100,6);
Insert into LARS_PROD.PAGES_SECTIONS_REF (PAGES_ID,SECTIONS_ID,SEQ_NUM) values (45,46,7);
Insert into LARS_PROD.PAGES_SECTIONS_REF (PAGES_ID,SECTIONS_ID,SEQ_NUM) values (45,62,8);
Insert into LARS_PROD.PAGES_SECTIONS_REF (PAGES_ID,SECTIONS_ID,SEQ_NUM) values (45,101,9);
Insert into LARS_PROD.PAGES_SECTIONS_REF (PAGES_ID,SECTIONS_ID,SEQ_NUM) values (45,46,10);
Insert into LARS_PROD.PAGES_SECTIONS_REF (PAGES_ID,SECTIONS_ID,SEQ_NUM) values (46,103,1);
Insert into LARS_PROD.PAGES_SECTIONS_REF (PAGES_ID,SECTIONS_ID,SEQ_NUM) values (46,44,2);
Insert into LARS_PROD.PAGES_SECTIONS_REF (PAGES_ID,SECTIONS_ID,SEQ_NUM) values (46,102,3);
Insert into LARS_PROD.PAGES_SECTIONS_REF (PAGES_ID,SECTIONS_ID,SEQ_NUM) values (46,46,4);
Insert into LARS_PROD.PAGES_SECTIONS_REF (PAGES_ID,SECTIONS_ID,SEQ_NUM) values (46,62,5);
Insert into LARS_PROD.PAGES_SECTIONS_REF (PAGES_ID,SECTIONS_ID,SEQ_NUM) values (46,104,6);
Insert into LARS_PROD.PAGES_SECTIONS_REF (PAGES_ID,SECTIONS_ID,SEQ_NUM) values (46,46,7);
Insert into LARS_PROD.PAGES_SECTIONS_REF (PAGES_ID,SECTIONS_ID,SEQ_NUM) values (46,62,8);
Insert into LARS_PROD.PAGES_SECTIONS_REF (PAGES_ID,SECTIONS_ID,SEQ_NUM) values (46,105,9);
Insert into LARS_PROD.PAGES_SECTIONS_REF (PAGES_ID,SECTIONS_ID,SEQ_NUM) values (46,46,10);
Insert into LARS_PROD.PAGES_SECTIONS_REF (PAGES_ID,SECTIONS_ID,SEQ_NUM) values (47,106,1);
Insert into LARS_PROD.PAGES_SECTIONS_REF (PAGES_ID,SECTIONS_ID,SEQ_NUM) values (47,109,3);
Insert into LARS_PROD.PAGES_SECTIONS_REF (PAGES_ID,SECTIONS_ID,SEQ_NUM) values (47,46,4);
Insert into LARS_PROD.PAGES_SECTIONS_REF (PAGES_ID,SECTIONS_ID,SEQ_NUM) values (47,62,5);
Insert into LARS_PROD.PAGES_SECTIONS_REF (PAGES_ID,SECTIONS_ID,SEQ_NUM) values (47,107,6);
Insert into LARS_PROD.PAGES_SECTIONS_REF (PAGES_ID,SECTIONS_ID,SEQ_NUM) values (47,46,7);
Insert into LARS_PROD.PAGES_SECTIONS_REF (PAGES_ID,SECTIONS_ID,SEQ_NUM) values (47,62,8);
Insert into LARS_PROD.PAGES_SECTIONS_REF (PAGES_ID,SECTIONS_ID,SEQ_NUM) values (47,108,9);
Insert into LARS_PROD.PAGES_SECTIONS_REF (PAGES_ID,SECTIONS_ID,SEQ_NUM) values (47,46,10);
Insert into LARS_PROD.PAGES_SECTIONS_REF (PAGES_ID,SECTIONS_ID,SEQ_NUM) values (48,110,1);
Insert into LARS_PROD.PAGES_SECTIONS_REF (PAGES_ID,SECTIONS_ID,SEQ_NUM) values (48,44,2);
Insert into LARS_PROD.PAGES_SECTIONS_REF (PAGES_ID,SECTIONS_ID,SEQ_NUM) values (48,113,3);
Insert into LARS_PROD.PAGES_SECTIONS_REF (PAGES_ID,SECTIONS_ID,SEQ_NUM) values (48,46,4);
Insert into LARS_PROD.PAGES_SECTIONS_REF (PAGES_ID,SECTIONS_ID,SEQ_NUM) values (48,62,5);
Insert into LARS_PROD.PAGES_SECTIONS_REF (PAGES_ID,SECTIONS_ID,SEQ_NUM) values (48,111,6);
Insert into LARS_PROD.PAGES_SECTIONS_REF (PAGES_ID,SECTIONS_ID,SEQ_NUM) values (48,46,7);
Insert into LARS_PROD.PAGES_SECTIONS_REF (PAGES_ID,SECTIONS_ID,SEQ_NUM) values (48,62,8);
Insert into LARS_PROD.PAGES_SECTIONS_REF (PAGES_ID,SECTIONS_ID,SEQ_NUM) values (48,112,9);
Insert into LARS_PROD.PAGES_SECTIONS_REF (PAGES_ID,SECTIONS_ID,SEQ_NUM) values (48,46,10);
Insert into LARS_PROD.PAGES_SECTIONS_REF (PAGES_ID,SECTIONS_ID,SEQ_NUM) values (49,114,1);
Insert into LARS_PROD.PAGES_SECTIONS_REF (PAGES_ID,SECTIONS_ID,SEQ_NUM) values (49,44,2);
Insert into LARS_PROD.PAGES_SECTIONS_REF (PAGES_ID,SECTIONS_ID,SEQ_NUM) values (49,117,3);
Insert into LARS_PROD.PAGES_SECTIONS_REF (PAGES_ID,SECTIONS_ID,SEQ_NUM) values (49,46,4);
Insert into LARS_PROD.PAGES_SECTIONS_REF (PAGES_ID,SECTIONS_ID,SEQ_NUM) values (49,62,5);
Insert into LARS_PROD.PAGES_SECTIONS_REF (PAGES_ID,SECTIONS_ID,SEQ_NUM) values (49,115,6);
Insert into LARS_PROD.PAGES_SECTIONS_REF (PAGES_ID,SECTIONS_ID,SEQ_NUM) values (49,46,7);
Insert into LARS_PROD.PAGES_SECTIONS_REF (PAGES_ID,SECTIONS_ID,SEQ_NUM) values (49,62,8);
Insert into LARS_PROD.PAGES_SECTIONS_REF (PAGES_ID,SECTIONS_ID,SEQ_NUM) values (49,116,9);
Insert into LARS_PROD.PAGES_SECTIONS_REF (PAGES_ID,SECTIONS_ID,SEQ_NUM) values (49,46,10);
Insert into LARS_PROD.PAGES_SECTIONS_REF (PAGES_ID,SECTIONS_ID,SEQ_NUM) values (50,118,1);
Insert into LARS_PROD.PAGES_SECTIONS_REF (PAGES_ID,SECTIONS_ID,SEQ_NUM) values (50,44,2);
Insert into LARS_PROD.PAGES_SECTIONS_REF (PAGES_ID,SECTIONS_ID,SEQ_NUM) values (50,121,3);
Insert into LARS_PROD.PAGES_SECTIONS_REF (PAGES_ID,SECTIONS_ID,SEQ_NUM) values (50,46,4);
Insert into LARS_PROD.PAGES_SECTIONS_REF (PAGES_ID,SECTIONS_ID,SEQ_NUM) values (50,62,5);
Insert into LARS_PROD.PAGES_SECTIONS_REF (PAGES_ID,SECTIONS_ID,SEQ_NUM) values (50,119,6);
Insert into LARS_PROD.PAGES_SECTIONS_REF (PAGES_ID,SECTIONS_ID,SEQ_NUM) values (50,46,7);
Insert into LARS_PROD.PAGES_SECTIONS_REF (PAGES_ID,SECTIONS_ID,SEQ_NUM) values (50,62,8);
Insert into LARS_PROD.PAGES_SECTIONS_REF (PAGES_ID,SECTIONS_ID,SEQ_NUM) values (50,120,9);
Insert into LARS_PROD.PAGES_SECTIONS_REF (PAGES_ID,SECTIONS_ID,SEQ_NUM) values (51,122,1);
Insert into LARS_PROD.PAGES_SECTIONS_REF (PAGES_ID,SECTIONS_ID,SEQ_NUM) values (51,44,2);
Insert into LARS_PROD.PAGES_SECTIONS_REF (PAGES_ID,SECTIONS_ID,SEQ_NUM) values (51,125,3);
Insert into LARS_PROD.PAGES_SECTIONS_REF (PAGES_ID,SECTIONS_ID,SEQ_NUM) values (51,46,4);
Insert into LARS_PROD.PAGES_SECTIONS_REF (PAGES_ID,SECTIONS_ID,SEQ_NUM) values (51,62,5);
Insert into LARS_PROD.PAGES_SECTIONS_REF (PAGES_ID,SECTIONS_ID,SEQ_NUM) values (51,123,6);
Insert into LARS_PROD.PAGES_SECTIONS_REF (PAGES_ID,SECTIONS_ID,SEQ_NUM) values (51,46,7);
Insert into LARS_PROD.PAGES_SECTIONS_REF (PAGES_ID,SECTIONS_ID,SEQ_NUM) values (51,62,8);
Insert into LARS_PROD.PAGES_SECTIONS_REF (PAGES_ID,SECTIONS_ID,SEQ_NUM) values (51,124,9);
Insert into LARS_PROD.PAGES_SECTIONS_REF (PAGES_ID,SECTIONS_ID,SEQ_NUM) values (51,62,10);
Insert into LARS_PROD.PAGES_SECTIONS_REF (PAGES_ID,SECTIONS_ID,SEQ_NUM) values (52,126,1);
Insert into LARS_PROD.PAGES_SECTIONS_REF (PAGES_ID,SECTIONS_ID,SEQ_NUM) values (52,44,2);
Insert into LARS_PROD.PAGES_SECTIONS_REF (PAGES_ID,SECTIONS_ID,SEQ_NUM) values (52,129,3);
Insert into LARS_PROD.PAGES_SECTIONS_REF (PAGES_ID,SECTIONS_ID,SEQ_NUM) values (52,46,4);
Insert into LARS_PROD.PAGES_SECTIONS_REF (PAGES_ID,SECTIONS_ID,SEQ_NUM) values (52,62,5);
Insert into LARS_PROD.PAGES_SECTIONS_REF (PAGES_ID,SECTIONS_ID,SEQ_NUM) values (52,127,6);
Insert into LARS_PROD.PAGES_SECTIONS_REF (PAGES_ID,SECTIONS_ID,SEQ_NUM) values (52,46,7);
Insert into LARS_PROD.PAGES_SECTIONS_REF (PAGES_ID,SECTIONS_ID,SEQ_NUM) values (52,62,8);
Insert into LARS_PROD.PAGES_SECTIONS_REF (PAGES_ID,SECTIONS_ID,SEQ_NUM) values (52,128,9);
Insert into LARS_PROD.PAGES_SECTIONS_REF (PAGES_ID,SECTIONS_ID,SEQ_NUM) values (52,46,10);
Insert into LARS_PROD.PAGES_SECTIONS_REF (PAGES_ID,SECTIONS_ID,SEQ_NUM) values (53,130,1);
Insert into LARS_PROD.PAGES_SECTIONS_REF (PAGES_ID,SECTIONS_ID,SEQ_NUM) values (53,44,2);
Insert into LARS_PROD.PAGES_SECTIONS_REF (PAGES_ID,SECTIONS_ID,SEQ_NUM) values (53,133,3);
Insert into LARS_PROD.PAGES_SECTIONS_REF (PAGES_ID,SECTIONS_ID,SEQ_NUM) values (53,46,4);
Insert into LARS_PROD.PAGES_SECTIONS_REF (PAGES_ID,SECTIONS_ID,SEQ_NUM) values (53,62,5);
Insert into LARS_PROD.PAGES_SECTIONS_REF (PAGES_ID,SECTIONS_ID,SEQ_NUM) values (53,131,6);
Insert into LARS_PROD.PAGES_SECTIONS_REF (PAGES_ID,SECTIONS_ID,SEQ_NUM) values (53,46,7);
Insert into LARS_PROD.PAGES_SECTIONS_REF (PAGES_ID,SECTIONS_ID,SEQ_NUM) values (53,62,8);
Insert into LARS_PROD.PAGES_SECTIONS_REF (PAGES_ID,SECTIONS_ID,SEQ_NUM) values (53,132,9);
Insert into LARS_PROD.PAGES_SECTIONS_REF (PAGES_ID,SECTIONS_ID,SEQ_NUM) values (53,46,10);
Insert into LARS_PROD.PAGES_SECTIONS_REF (PAGES_ID,SECTIONS_ID,SEQ_NUM) values (54,138,1);
Insert into LARS_PROD.PAGES_SECTIONS_REF (PAGES_ID,SECTIONS_ID,SEQ_NUM) values (54,44,2);
Insert into LARS_PROD.PAGES_SECTIONS_REF (PAGES_ID,SECTIONS_ID,SEQ_NUM) values (54,141,3);
Insert into LARS_PROD.PAGES_SECTIONS_REF (PAGES_ID,SECTIONS_ID,SEQ_NUM) values (54,46,4);
Insert into LARS_PROD.PAGES_SECTIONS_REF (PAGES_ID,SECTIONS_ID,SEQ_NUM) values (54,62,5);
Insert into LARS_PROD.PAGES_SECTIONS_REF (PAGES_ID,SECTIONS_ID,SEQ_NUM) values (54,139,6);
Insert into LARS_PROD.PAGES_SECTIONS_REF (PAGES_ID,SECTIONS_ID,SEQ_NUM) values (54,46,7);
Insert into LARS_PROD.PAGES_SECTIONS_REF (PAGES_ID,SECTIONS_ID,SEQ_NUM) values (54,62,8);
Insert into LARS_PROD.PAGES_SECTIONS_REF (PAGES_ID,SECTIONS_ID,SEQ_NUM) values (54,140,9);
Insert into LARS_PROD.PAGES_SECTIONS_REF (PAGES_ID,SECTIONS_ID,SEQ_NUM) values (54,46,10);
Insert into LARS_PROD.PAGES_SECTIONS_REF (PAGES_ID,SECTIONS_ID,SEQ_NUM) values (55,142,1);
Insert into LARS_PROD.PAGES_SECTIONS_REF (PAGES_ID,SECTIONS_ID,SEQ_NUM) values (55,44,2);
Insert into LARS_PROD.PAGES_SECTIONS_REF (PAGES_ID,SECTIONS_ID,SEQ_NUM) values (55,145,3);
Insert into LARS_PROD.PAGES_SECTIONS_REF (PAGES_ID,SECTIONS_ID,SEQ_NUM) values (55,46,4);
Insert into LARS_PROD.PAGES_SECTIONS_REF (PAGES_ID,SECTIONS_ID,SEQ_NUM) values (55,62,5);
Insert into LARS_PROD.PAGES_SECTIONS_REF (PAGES_ID,SECTIONS_ID,SEQ_NUM) values (55,143,6);
Insert into LARS_PROD.PAGES_SECTIONS_REF (PAGES_ID,SECTIONS_ID,SEQ_NUM) values (55,46,7);
Insert into LARS_PROD.PAGES_SECTIONS_REF (PAGES_ID,SECTIONS_ID,SEQ_NUM) values (55,62,8);
Insert into LARS_PROD.PAGES_SECTIONS_REF (PAGES_ID,SECTIONS_ID,SEQ_NUM) values (55,144,9);
Insert into LARS_PROD.PAGES_SECTIONS_REF (PAGES_ID,SECTIONS_ID,SEQ_NUM) values (55,46,10);
Insert into LARS_PROD.PAGES_SECTIONS_REF (PAGES_ID,SECTIONS_ID,SEQ_NUM) values (56,146,1);
Insert into LARS_PROD.PAGES_SECTIONS_REF (PAGES_ID,SECTIONS_ID,SEQ_NUM) values (56,44,2);
Insert into LARS_PROD.PAGES_SECTIONS_REF (PAGES_ID,SECTIONS_ID,SEQ_NUM) values (56,149,3);
Insert into LARS_PROD.PAGES_SECTIONS_REF (PAGES_ID,SECTIONS_ID,SEQ_NUM) values (56,46,4);
Insert into LARS_PROD.PAGES_SECTIONS_REF (PAGES_ID,SECTIONS_ID,SEQ_NUM) values (56,62,5);
Insert into LARS_PROD.PAGES_SECTIONS_REF (PAGES_ID,SECTIONS_ID,SEQ_NUM) values (56,147,6);
Insert into LARS_PROD.PAGES_SECTIONS_REF (PAGES_ID,SECTIONS_ID,SEQ_NUM) values (56,46,7);
Insert into LARS_PROD.PAGES_SECTIONS_REF (PAGES_ID,SECTIONS_ID,SEQ_NUM) values (56,62,8);
Insert into LARS_PROD.PAGES_SECTIONS_REF (PAGES_ID,SECTIONS_ID,SEQ_NUM) values (56,148,9);
Insert into LARS_PROD.PAGES_SECTIONS_REF (PAGES_ID,SECTIONS_ID,SEQ_NUM) values (56,46,10);
Insert into LARS_PROD.PAGES_SECTIONS_REF (PAGES_ID,SECTIONS_ID,SEQ_NUM) values (57,150,1);
Insert into LARS_PROD.PAGES_SECTIONS_REF (PAGES_ID,SECTIONS_ID,SEQ_NUM) values (57,44,2);
Insert into LARS_PROD.PAGES_SECTIONS_REF (PAGES_ID,SECTIONS_ID,SEQ_NUM) values (57,153,3);
Insert into LARS_PROD.PAGES_SECTIONS_REF (PAGES_ID,SECTIONS_ID,SEQ_NUM) values (57,46,4);
Insert into LARS_PROD.PAGES_SECTIONS_REF (PAGES_ID,SECTIONS_ID,SEQ_NUM) values (57,62,5);
Insert into LARS_PROD.PAGES_SECTIONS_REF (PAGES_ID,SECTIONS_ID,SEQ_NUM) values (57,151,6);
Insert into LARS_PROD.PAGES_SECTIONS_REF (PAGES_ID,SECTIONS_ID,SEQ_NUM) values (57,46,7);
Insert into LARS_PROD.PAGES_SECTIONS_REF (PAGES_ID,SECTIONS_ID,SEQ_NUM) values (57,62,8);
Insert into LARS_PROD.PAGES_SECTIONS_REF (PAGES_ID,SECTIONS_ID,SEQ_NUM) values (57,152,9);
Insert into LARS_PROD.PAGES_SECTIONS_REF (PAGES_ID,SECTIONS_ID,SEQ_NUM) values (57,46,10);
Insert into LARS_PROD.PAGES_SECTIONS_REF (PAGES_ID,SECTIONS_ID,SEQ_NUM) values (58,154,1);
Insert into LARS_PROD.PAGES_SECTIONS_REF (PAGES_ID,SECTIONS_ID,SEQ_NUM) values (58,44,2);
Insert into LARS_PROD.PAGES_SECTIONS_REF (PAGES_ID,SECTIONS_ID,SEQ_NUM) values (58,157,3);
Insert into LARS_PROD.PAGES_SECTIONS_REF (PAGES_ID,SECTIONS_ID,SEQ_NUM) values (58,46,4);
Insert into LARS_PROD.PAGES_SECTIONS_REF (PAGES_ID,SECTIONS_ID,SEQ_NUM) values (58,62,5);
Insert into LARS_PROD.PAGES_SECTIONS_REF (PAGES_ID,SECTIONS_ID,SEQ_NUM) values (58,155,6);
Insert into LARS_PROD.PAGES_SECTIONS_REF (PAGES_ID,SECTIONS_ID,SEQ_NUM) values (58,46,7);
Insert into LARS_PROD.PAGES_SECTIONS_REF (PAGES_ID,SECTIONS_ID,SEQ_NUM) values (58,62,8);
Insert into LARS_PROD.PAGES_SECTIONS_REF (PAGES_ID,SECTIONS_ID,SEQ_NUM) values (58,156,9);
Insert into LARS_PROD.PAGES_SECTIONS_REF (PAGES_ID,SECTIONS_ID,SEQ_NUM) values (58,46,10);
Insert into LARS_PROD.PAGES_SECTIONS_REF (PAGES_ID,SECTIONS_ID,SEQ_NUM) values (4,83,7);
Insert into LARS_PROD.PAGES_SECTIONS_REF (PAGES_ID,SECTIONS_ID,SEQ_NUM) values (4,84,8);
Insert into LARS_PROD.PAGES_SECTIONS_REF (PAGES_ID,SECTIONS_ID,SEQ_NUM) values (4,159,5);
Insert into LARS_PROD.PAGES_SECTIONS_REF (PAGES_ID,SECTIONS_ID,SEQ_NUM) values (4,84,6);
Insert into LARS_PROD.PAGES_SECTIONS_REF (PAGES_ID,SECTIONS_ID,SEQ_NUM) values (4,160,9);
Insert into LARS_PROD.PAGES_SECTIONS_REF (PAGES_ID,SECTIONS_ID,SEQ_NUM) values (4,84,10);
Insert into LARS_PROD.PAGES_SECTIONS_REF (PAGES_ID,SECTIONS_ID,SEQ_NUM) values (4,85,13);
Insert into LARS_PROD.PAGES_SECTIONS_REF (PAGES_ID,SECTIONS_ID,SEQ_NUM) values (4,84,14);
Insert into LARS_PROD.PAGES_SECTIONS_REF (PAGES_ID,SECTIONS_ID,SEQ_NUM) values (4,161,15);
Insert into LARS_PROD.PAGES_SECTIONS_REF (PAGES_ID,SECTIONS_ID,SEQ_NUM) values (4,84,16);
Insert into LARS_PROD.PAGES_SECTIONS_REF (PAGES_ID,SECTIONS_ID,SEQ_NUM) values (4,162,17);
Insert into LARS_PROD.PAGES_SECTIONS_REF (PAGES_ID,SECTIONS_ID,SEQ_NUM) values (4,84,18);
Insert into LARS_PROD.PAGES_SECTIONS_REF (PAGES_ID,SECTIONS_ID,SEQ_NUM) values (4,163,19);
Insert into LARS_PROD.PAGES_SECTIONS_REF (PAGES_ID,SECTIONS_ID,SEQ_NUM) values (4,84,20);
Insert into LARS_PROD.PAGES_SECTIONS_REF (PAGES_ID,SECTIONS_ID,SEQ_NUM) values (4,164,21);
Insert into LARS_PROD.PAGES_SECTIONS_REF (PAGES_ID,SECTIONS_ID,SEQ_NUM) values (4,84,22);
Insert into LARS_PROD.PAGES_SECTIONS_REF (PAGES_ID,SECTIONS_ID,SEQ_NUM) values (1,1,3);
Insert into LARS_PROD.PAGES_SECTIONS_REF (PAGES_ID,SECTIONS_ID,SEQ_NUM) values (1,2,4);
Insert into LARS_PROD.PAGES_SECTIONS_REF (PAGES_ID,SECTIONS_ID,SEQ_NUM) values (2,3,1);
Insert into LARS_PROD.PAGES_SECTIONS_REF (PAGES_ID,SECTIONS_ID,SEQ_NUM) values (3,4,1);
Insert into LARS_PROD.PAGES_SECTIONS_REF (PAGES_ID,SECTIONS_ID,SEQ_NUM) values (4,5,1);
Insert into LARS_PROD.PAGES_SECTIONS_REF (PAGES_ID,SECTIONS_ID,SEQ_NUM) values (6,7,1);
Insert into LARS_PROD.PAGES_SECTIONS_REF (PAGES_ID,SECTIONS_ID,SEQ_NUM) values (7,8,1);
Insert into LARS_PROD.PAGES_SECTIONS_REF (PAGES_ID,SECTIONS_ID,SEQ_NUM) values (1,21,1);
Insert into LARS_PROD.PAGES_SECTIONS_REF (PAGES_ID,SECTIONS_ID,SEQ_NUM) values (21,41,1);
Insert into LARS_PROD.PAGES_SECTIONS_REF (PAGES_ID,SECTIONS_ID,SEQ_NUM) values (7,42,3);
Insert into LARS_PROD.PAGES_SECTIONS_REF (PAGES_ID,SECTIONS_ID,SEQ_NUM) values (3,43,5);
Insert into LARS_PROD.PAGES_SECTIONS_REF (PAGES_ID,SECTIONS_ID,SEQ_NUM) values (3,44,4);
Insert into LARS_PROD.PAGES_SECTIONS_REF (PAGES_ID,SECTIONS_ID,SEQ_NUM) values (7,44,2);
Insert into LARS_PROD.PAGES_SECTIONS_REF (PAGES_ID,SECTIONS_ID,SEQ_NUM) values (1,44,2);
Insert into LARS_PROD.PAGES_SECTIONS_REF (PAGES_ID,SECTIONS_ID,SEQ_NUM) values (1,45,6);
Insert into LARS_PROD.PAGES_SECTIONS_REF (PAGES_ID,SECTIONS_ID,SEQ_NUM) values (1,46,5);
Insert into LARS_PROD.PAGES_SECTIONS_REF (PAGES_ID,SECTIONS_ID,SEQ_NUM) values (1,46,7);
Insert into LARS_PROD.PAGES_SECTIONS_REF (PAGES_ID,SECTIONS_ID,SEQ_NUM) values (1,47,8);
Insert into LARS_PROD.PAGES_SECTIONS_REF (PAGES_ID,SECTIONS_ID,SEQ_NUM) values (1,44,9);
Insert into LARS_PROD.PAGES_SECTIONS_REF (PAGES_ID,SECTIONS_ID,SEQ_NUM) values (1,48,10);
Insert into LARS_PROD.PAGES_SECTIONS_REF (PAGES_ID,SECTIONS_ID,SEQ_NUM) values (1,49,11);
Insert into LARS_PROD.PAGES_SECTIONS_REF (PAGES_ID,SECTIONS_ID,SEQ_NUM) values (1,46,12);
Insert into LARS_PROD.PAGES_SECTIONS_REF (PAGES_ID,SECTIONS_ID,SEQ_NUM) values (1,50,13);
Insert into LARS_PROD.PAGES_SECTIONS_REF (PAGES_ID,SECTIONS_ID,SEQ_NUM) values (2,44,2);
Insert into LARS_PROD.PAGES_SECTIONS_REF (PAGES_ID,SECTIONS_ID,SEQ_NUM) values (2,51,3);
Insert into LARS_PROD.PAGES_SECTIONS_REF (PAGES_ID,SECTIONS_ID,SEQ_NUM) values (62,209,1);
Insert into LARS_PROD.PAGES_SECTIONS_REF (PAGES_ID,SECTIONS_ID,SEQ_NUM) values (62,44,2);
Insert into LARS_PROD.PAGES_SECTIONS_REF (PAGES_ID,SECTIONS_ID,SEQ_NUM) values (62,210,3);
Insert into LARS_PROD.PAGES_SECTIONS_REF (PAGES_ID,SECTIONS_ID,SEQ_NUM) values (62,46,4);
Insert into LARS_PROD.PAGES_SECTIONS_REF (PAGES_ID,SECTIONS_ID,SEQ_NUM) values (62,211,5);
Insert into LARS_PROD.PAGES_SECTIONS_REF (PAGES_ID,SECTIONS_ID,SEQ_NUM) values (62,212,6);
Insert into LARS_PROD.PAGES_SECTIONS_REF (PAGES_ID,SECTIONS_ID,SEQ_NUM) values (62,46,7);
Insert into LARS_PROD.PAGES_SECTIONS_REF (PAGES_ID,SECTIONS_ID,SEQ_NUM) values (62,213,8);
Insert into LARS_PROD.PAGES_SECTIONS_REF (PAGES_ID,SECTIONS_ID,SEQ_NUM) values (62,214,9);
Insert into LARS_PROD.PAGES_SECTIONS_REF (PAGES_ID,SECTIONS_ID,SEQ_NUM) values (62,46,10);
Insert into LARS_PROD.PAGES_SECTIONS_REF (PAGES_ID,SECTIONS_ID,SEQ_NUM) values (62,216,12);
Insert into LARS_PROD.PAGES_SECTIONS_REF (PAGES_ID,SECTIONS_ID,SEQ_NUM) values (62,215,11);
Insert into LARS_PROD.PAGES_SECTIONS_REF (PAGES_ID,SECTIONS_ID,SEQ_NUM) values (62,46,13);
Insert into LARS_PROD.PAGES_SECTIONS_REF (PAGES_ID,SECTIONS_ID,SEQ_NUM) values (62,217,14);
Insert into LARS_PROD.PAGES_SECTIONS_REF (PAGES_ID,SECTIONS_ID,SEQ_NUM) values (62,218,15);

Insert into LARS_PROD.SECTIONS (ID,NAME) values (188,'Guide - Oracle Database 12c - Prepare for Installation - Header');
Insert into LARS_PROD.SECTIONS (ID,NAME) values (189,'Guide - Oracle Database 12c - Prepare for Installation - Content');
Insert into LARS_PROD.SECTIONS (ID,NAME) values (190,'Guide - Oracle Database 12c - Download Software - Header');
Insert into LARS_PROD.SECTIONS (ID,NAME) values (191,'Guide - Oracle Database 12c - Download Software - Content');
Insert into LARS_PROD.SECTIONS (ID,NAME) values (192,'Guide - Oracle Database 12c - Install Software - Header');
Insert into LARS_PROD.SECTIONS (ID,NAME) values (193,'Guide - Oracle Database 12c - Install Software - Content');
Insert into LARS_PROD.SECTIONS (ID,NAME) values (194,'Guide - Oracle Database 12c - Configure Database - Header');
Insert into LARS_PROD.SECTIONS (ID,NAME) values (195,'Guide - Oracle Database 12c - Configure Database - Content');
Insert into LARS_PROD.SECTIONS (ID,NAME) values (181,'Project - NC WiFi - Results Content');
Insert into LARS_PROD.SECTIONS (ID,NAME) values (182,'Project - EWOS - Video');
Insert into LARS_PROD.SECTIONS (ID,NAME) values (183,'Guides - menu - Oracle Database 12c / Oracle WebLogic 12c');
Insert into LARS_PROD.SECTIONS (ID,NAME) values (186,'Guide - OVERVIEW - Oracle Database 12c');
Insert into LARS_PROD.SECTIONS (ID,NAME) values (185,'Guide - Oracle Database 12c - Header');
Insert into LARS_PROD.SECTIONS (ID,NAME) values (61,'Welcome - Content Links');
Insert into LARS_PROD.SECTIONS (ID,NAME) values (62,'VERTICAL SPACE - SMALL');
Insert into LARS_PROD.SECTIONS (ID,NAME) values (63,'Programming - Content');
Insert into LARS_PROD.SECTIONS (ID,NAME) values (81,'Projects - MENU - Website');
Insert into LARS_PROD.SECTIONS (ID,NAME) values (83,'Projects - MENU - Blockout Battle');
Insert into LARS_PROD.SECTIONS (ID,NAME) values (84,'VERTICAL SPACE - EXTRA LARGE');
Insert into LARS_PROD.SECTIONS (ID,NAME) values (85,'Projects - menu - Scrabble/Wingman');
Insert into LARS_PROD.SECTIONS (ID,NAME) values (86,'Project - Blockout Battle - Header');
Insert into LARS_PROD.SECTIONS (ID,NAME) values (87,'Project - OVERVIEW - Blockout Battle');
Insert into LARS_PROD.SECTIONS (ID,NAME) values (88,'Project - Blockout Battle - Links');
Insert into LARS_PROD.SECTIONS (ID,NAME) values (89,'Project - Blockout Battle - More Info');
Insert into LARS_PROD.SECTIONS (ID,NAME) values (90,'Project - My Website - Header');
Insert into LARS_PROD.SECTIONS (ID,NAME) values (91,'Project - OVERVIEW - My Website');
Insert into LARS_PROD.SECTIONS (ID,NAME) values (92,'Project - My Website - Links');
Insert into LARS_PROD.SECTIONS (ID,NAME) values (93,'Project - My Website - More Info');
Insert into LARS_PROD.SECTIONS (ID,NAME) values (94,'Project - Wingman - Header');
Insert into LARS_PROD.SECTIONS (ID,NAME) values (95,'Project - OVERVIEW - Wingman');
Insert into LARS_PROD.SECTIONS (ID,NAME) values (96,'Project - Wingman - Links');
Insert into LARS_PROD.SECTIONS (ID,NAME) values (97,'Project - Wingman - More Info');
Insert into LARS_PROD.SECTIONS (ID,NAME) values (98,'Project - Yoddle - Header');
Insert into LARS_PROD.SECTIONS (ID,NAME) values (99,'Project - OVERVIEW - Yoddle');
Insert into LARS_PROD.SECTIONS (ID,NAME) values (100,'Project - Yoddle - Links');
Insert into LARS_PROD.SECTIONS (ID,NAME) values (101,'Project - Yoddle - More Info');
Insert into LARS_PROD.SECTIONS (ID,NAME) values (102,'Project - OVERVIEW - Decentralized Dropbox');
Insert into LARS_PROD.SECTIONS (ID,NAME) values (103,'Project - Decentralied Dropbox - Header');
Insert into LARS_PROD.SECTIONS (ID,NAME) values (104,'Project - Decentralized Dropbox - Links');
Insert into LARS_PROD.SECTIONS (ID,NAME) values (105,'Project - Decentralized Dropbox - More Info');
Insert into LARS_PROD.SECTIONS (ID,NAME) values (106,'Project - Blokkokopter - Header');
Insert into LARS_PROD.SECTIONS (ID,NAME) values (107,'Project - Blokkokopter - Links');
Insert into LARS_PROD.SECTIONS (ID,NAME) values (108,'Project - Blokkokopter - More Info');
Insert into LARS_PROD.SECTIONS (ID,NAME) values (109,'Project - OVERVIEW - Blokkokopter');
Insert into LARS_PROD.SECTIONS (ID,NAME) values (110,'Project - Bumpy Tails - Header');
Insert into LARS_PROD.SECTIONS (ID,NAME) values (111,'Project - Bumpy Tails - Links');
Insert into LARS_PROD.SECTIONS (ID,NAME) values (112,'Project - Bumpy Tails - More Info');
Insert into LARS_PROD.SECTIONS (ID,NAME) values (113,'Project - OVERVIEW - Bumpy Tails');
Insert into LARS_PROD.SECTIONS (ID,NAME) values (114,'Project - PinkElephant - Header');
Insert into LARS_PROD.SECTIONS (ID,NAME) values (115,'Project - PinkElephant - Links');
Insert into LARS_PROD.SECTIONS (ID,NAME) values (116,'Project - PinkElephant - More Info');
Insert into LARS_PROD.SECTIONS (ID,NAME) values (117,'Project - OVERVIEW - PinkElephant');
Insert into LARS_PROD.SECTIONS (ID,NAME) values (118,'Project - EWOS - Header');
Insert into LARS_PROD.SECTIONS (ID,NAME) values (119,'Project - EWOS - Links');
Insert into LARS_PROD.SECTIONS (ID,NAME) values (120,'Project - EWOS - More Info');
Insert into LARS_PROD.SECTIONS (ID,NAME) values (121,'Project - OVERVIEW - EWOS');
Insert into LARS_PROD.SECTIONS (ID,NAME) values (122,'Project - NC WiFi - Header');
Insert into LARS_PROD.SECTIONS (ID,NAME) values (123,'Project - NC WiFi - Links');
Insert into LARS_PROD.SECTIONS (ID,NAME) values (124,'Project - NC WiFi - Results Header');
Insert into LARS_PROD.SECTIONS (ID,NAME) values (125,'Project - OVERVIEW - NC WiFi');
Insert into LARS_PROD.SECTIONS (ID,NAME) values (126,'Project - O.D.A. - Header');
Insert into LARS_PROD.SECTIONS (ID,NAME) values (127,'Project - O.D.A. - Links');
Insert into LARS_PROD.SECTIONS (ID,NAME) values (128,'Project - O.D.A. - More Info');
Insert into LARS_PROD.SECTIONS (ID,NAME) values (129,'Project - OVERVIEW - O.D.A.');
Insert into LARS_PROD.SECTIONS (ID,NAME) values (130,'Project - RatePic - Header');
Insert into LARS_PROD.SECTIONS (ID,NAME) values (131,'Project - RatePic - Links');
Insert into LARS_PROD.SECTIONS (ID,NAME) values (132,'Project - RatePic - More Info');
Insert into LARS_PROD.SECTIONS (ID,NAME) values (133,'Project - OVERVIEW - RatePic');
Insert into LARS_PROD.SECTIONS (ID,NAME) values (143,'Project - Space Chopper - Links');
Insert into LARS_PROD.SECTIONS (ID,NAME) values (144,'Project - Space Chopper - More Info');
Insert into LARS_PROD.SECTIONS (ID,NAME) values (145,'Project - OVERVIEW - Space Chopper');
Insert into LARS_PROD.SECTIONS (ID,NAME) values (146,'Project - Spago BI Integration - Header');
Insert into LARS_PROD.SECTIONS (ID,NAME) values (138,'Project - ScrabbleBot - Header');
Insert into LARS_PROD.SECTIONS (ID,NAME) values (139,'Project - ScrabbleBot - Links');
Insert into LARS_PROD.SECTIONS (ID,NAME) values (140,'Project - ScrabbleBot - More Info');
Insert into LARS_PROD.SECTIONS (ID,NAME) values (141,'Project - OVERVIEW - ScrabbleBot');
Insert into LARS_PROD.SECTIONS (ID,NAME) values (142,'Project - Space Chopper - Header');
Insert into LARS_PROD.SECTIONS (ID,NAME) values (147,'Project - Spago BI Integration - Links');
Insert into LARS_PROD.SECTIONS (ID,NAME) values (148,'Project - Spago BI Integration - More Info');
Insert into LARS_PROD.SECTIONS (ID,NAME) values (149,'Project - OVERVIEW - Spago BI');
Insert into LARS_PROD.SECTIONS (ID,NAME) values (150,'Project - Spotify Web - Header');
Insert into LARS_PROD.SECTIONS (ID,NAME) values (151,'Project - Spotify Web - Links');
Insert into LARS_PROD.SECTIONS (ID,NAME) values (152,'Project - Spotify Web - More Info');
Insert into LARS_PROD.SECTIONS (ID,NAME) values (153,'Project - OVERVIEW - Spotify Web');
Insert into LARS_PROD.SECTIONS (ID,NAME) values (154,'Project - Sykle Til Jobben - Header');
Insert into LARS_PROD.SECTIONS (ID,NAME) values (155,'Project - Sykle Til Jobben - Links');
Insert into LARS_PROD.SECTIONS (ID,NAME) values (156,'Project - Sykle Til Jobben - More Info');
Insert into LARS_PROD.SECTIONS (ID,NAME) values (157,'Project - OVERVIEW - Sykle Til Jobben');
Insert into LARS_PROD.SECTIONS (ID,NAME) values (158,'Projects - MENU - Decentralized Dropbox');
Insert into LARS_PROD.SECTIONS (ID,NAME) values (159,'Projects - MENU - Network Coding in WiFi');
Insert into LARS_PROD.SECTIONS (ID,NAME) values (160,'Projects - MENU - Spotify Web');
Insert into LARS_PROD.SECTIONS (ID,NAME) values (161,'Projects - menu - Bumpy Tails/PinkElephant');
Insert into LARS_PROD.SECTIONS (ID,NAME) values (162,'Projects - menu - RatePic/O.D.A.');
Insert into LARS_PROD.SECTIONS (ID,NAME) values (163,'Projects - menu - Yoddle/Space Chopper');
Insert into LARS_PROD.SECTIONS (ID,NAME) values (164,'Projects - menu - EWOS/Blokkokopter');
Insert into LARS_PROD.SECTIONS (ID,NAME) values (165,'Projects - menu - Spago BI Integration/Sykle Til Jobben');
Insert into LARS_PROD.SECTIONS (ID,NAME) values (1,'Education - Header');
Insert into LARS_PROD.SECTIONS (ID,NAME) values (2,'Education - Schools');
Insert into LARS_PROD.SECTIONS (ID,NAME) values (3,'Welcome - Header');
Insert into LARS_PROD.SECTIONS (ID,NAME) values (4,'Programming - Header');
Insert into LARS_PROD.SECTIONS (ID,NAME) values (5,'Projects');
Insert into LARS_PROD.SECTIONS (ID,NAME) values (7,'Guides');
Insert into LARS_PROD.SECTIONS (ID,NAME) values (8,'CV');
Insert into LARS_PROD.SECTIONS (ID,NAME) values (21,'Early Life');
Insert into LARS_PROD.SECTIONS (ID,NAME) values (41,'My Stuff');
Insert into LARS_PROD.SECTIONS (ID,NAME) values (42,'CV, Portfolio, Transcript, Thesis');
Insert into LARS_PROD.SECTIONS (ID,NAME) values (43,'Programming - Text');
Insert into LARS_PROD.SECTIONS (ID,NAME) values (44,'HORIZONTAL LINE');
Insert into LARS_PROD.SECTIONS (ID,NAME) values (45,'Education - Military');
Insert into LARS_PROD.SECTIONS (ID,NAME) values (46,'VERTICAL SPACE - LARGE');
Insert into LARS_PROD.SECTIONS (ID,NAME) values (47,'Universities');
Insert into LARS_PROD.SECTIONS (ID,NAME) values (48,'Work - Header');
Insert into LARS_PROD.SECTIONS (ID,NAME) values (49,'Work - Bouvet');
Insert into LARS_PROD.SECTIONS (ID,NAME) values (50,'Work - Okta');
Insert into LARS_PROD.SECTIONS (ID,NAME) values (51,'Welcome - Content Text');
Insert into LARS_PROD.SECTIONS (ID,NAME) values (211,'Guide - Oracle WebLogic 12c - Prepare for Installation - Header');
Insert into LARS_PROD.SECTIONS (ID,NAME) values (209,'Guide - Oracle WebLogic 12c - Header');
Insert into LARS_PROD.SECTIONS (ID,NAME) values (210,'Guide - OVERVIEW - Oracle WebLogic 12c');
Insert into LARS_PROD.SECTIONS (ID,NAME) values (212,'Guide - Oracle WebLogic 12c - Prepare for Installation - Content');
Insert into LARS_PROD.SECTIONS (ID,NAME) values (213,'Guide - Oracle WebLogic 12c - Download Software - Header');
Insert into LARS_PROD.SECTIONS (ID,NAME) values (214,'Guide - Oracle WebLogic 12c - Download Software - Content');
Insert into LARS_PROD.SECTIONS (ID,NAME) values (215,'Guide - Oracle WebLogic 12c - Install Software - Header');
Insert into LARS_PROD.SECTIONS (ID,NAME) values (216,'Guide - Oracle WebLogic 12c - Install Software - Content');
Insert into LARS_PROD.SECTIONS (ID,NAME) values (217,'Guide - Oracle WebLogic 12c - Configure Software - Header');
Insert into LARS_PROD.SECTIONS (ID,NAME) values (218,'Guide - Oracle WebLogic 12c - Configure Software - Content');

Insert into LARS_PROD.SECTIONS_ELEMENTS_REF (SECTIONS_ID,ELEMENTS_ID,SEQ_NUM,CLASS_TYPE) values (186,315,3,'one-of-three-col');
Insert into LARS_PROD.SECTIONS_ELEMENTS_REF (SECTIONS_ID,ELEMENTS_ID,SEQ_NUM,CLASS_TYPE) values (188,316,1,'one-of-two-col');
Insert into LARS_PROD.SECTIONS_ELEMENTS_REF (SECTIONS_ID,ELEMENTS_ID,SEQ_NUM,CLASS_TYPE) values (188,317,2,'one-of-two-col clear');
Insert into LARS_PROD.SECTIONS_ELEMENTS_REF (SECTIONS_ID,ELEMENTS_ID,SEQ_NUM,CLASS_TYPE) values (188,318,3,'full-col');
Insert into LARS_PROD.SECTIONS_ELEMENTS_REF (SECTIONS_ID,ELEMENTS_ID,SEQ_NUM,CLASS_TYPE) values (189,319,1,'full-col');
Insert into LARS_PROD.SECTIONS_ELEMENTS_REF (SECTIONS_ID,ELEMENTS_ID,SEQ_NUM,CLASS_TYPE) values (190,320,1,'one-of-two-col');
Insert into LARS_PROD.SECTIONS_ELEMENTS_REF (SECTIONS_ID,ELEMENTS_ID,SEQ_NUM,CLASS_TYPE) values (190,321,2,'one-of-two-col clear');
Insert into LARS_PROD.SECTIONS_ELEMENTS_REF (SECTIONS_ID,ELEMENTS_ID,SEQ_NUM,CLASS_TYPE) values (190,318,3,'full-col');
Insert into LARS_PROD.SECTIONS_ELEMENTS_REF (SECTIONS_ID,ELEMENTS_ID,SEQ_NUM,CLASS_TYPE) values (191,322,1,'full-col');
Insert into LARS_PROD.SECTIONS_ELEMENTS_REF (SECTIONS_ID,ELEMENTS_ID,SEQ_NUM,CLASS_TYPE) values (193,325,1,'full-col');
Insert into LARS_PROD.SECTIONS_ELEMENTS_REF (SECTIONS_ID,ELEMENTS_ID,SEQ_NUM,CLASS_TYPE) values (192,318,3,'full-col');
Insert into LARS_PROD.SECTIONS_ELEMENTS_REF (SECTIONS_ID,ELEMENTS_ID,SEQ_NUM,CLASS_TYPE) values (192,324,2,'one-of-two-col clear');
Insert into LARS_PROD.SECTIONS_ELEMENTS_REF (SECTIONS_ID,ELEMENTS_ID,SEQ_NUM,CLASS_TYPE) values (192,323,1,'one-of-two-col');
Insert into LARS_PROD.SECTIONS_ELEMENTS_REF (SECTIONS_ID,ELEMENTS_ID,SEQ_NUM,CLASS_TYPE) values (195,330,1,'full-col');
Insert into LARS_PROD.SECTIONS_ELEMENTS_REF (SECTIONS_ID,ELEMENTS_ID,SEQ_NUM,CLASS_TYPE) values (194,328,1,'one-of-two-col');
Insert into LARS_PROD.SECTIONS_ELEMENTS_REF (SECTIONS_ID,ELEMENTS_ID,SEQ_NUM,CLASS_TYPE) values (194,318,3,'full-col');
Insert into LARS_PROD.SECTIONS_ELEMENTS_REF (SECTIONS_ID,ELEMENTS_ID,SEQ_NUM,CLASS_TYPE) values (194,329,2,'one-of-two-col clear');
Insert into LARS_PROD.SECTIONS_ELEMENTS_REF (SECTIONS_ID,ELEMENTS_ID,SEQ_NUM,CLASS_TYPE) values (195,331,2,'full-col');
Insert into LARS_PROD.SECTIONS_ELEMENTS_REF (SECTIONS_ID,ELEMENTS_ID,SEQ_NUM,CLASS_TYPE) values (181,282,2,'one-of-three-col');
Insert into LARS_PROD.SECTIONS_ELEMENTS_REF (SECTIONS_ID,ELEMENTS_ID,SEQ_NUM,CLASS_TYPE) values (181,283,3,'one-of-three-col');
Insert into LARS_PROD.SECTIONS_ELEMENTS_REF (SECTIONS_ID,ELEMENTS_ID,SEQ_NUM,CLASS_TYPE) values (124,284,1,'full-col');
Insert into LARS_PROD.SECTIONS_ELEMENTS_REF (SECTIONS_ID,ELEMENTS_ID,SEQ_NUM,CLASS_TYPE) values (42,285,4,'one-of-four-col');
Insert into LARS_PROD.SECTIONS_ELEMENTS_REF (SECTIONS_ID,ELEMENTS_ID,SEQ_NUM,CLASS_TYPE) values (182,288,1,'full-col');
Insert into LARS_PROD.SECTIONS_ELEMENTS_REF (SECTIONS_ID,ELEMENTS_ID,SEQ_NUM,CLASS_TYPE) values (183,289,1,'one-of-four-col');
Insert into LARS_PROD.SECTIONS_ELEMENTS_REF (SECTIONS_ID,ELEMENTS_ID,SEQ_NUM,CLASS_TYPE) values (183,290,2,'one-of-four-col');
Insert into LARS_PROD.SECTIONS_ELEMENTS_REF (SECTIONS_ID,ELEMENTS_ID,SEQ_NUM,CLASS_TYPE) values (185,291,1,'one-of-two-col');
Insert into LARS_PROD.SECTIONS_ELEMENTS_REF (SECTIONS_ID,ELEMENTS_ID,SEQ_NUM,CLASS_TYPE) values (185,292,2,'one-of-two-col');
Insert into LARS_PROD.SECTIONS_ELEMENTS_REF (SECTIONS_ID,ELEMENTS_ID,SEQ_NUM,CLASS_TYPE) values (186,293,2,'one-of-three-col');
Insert into LARS_PROD.SECTIONS_ELEMENTS_REF (SECTIONS_ID,ELEMENTS_ID,SEQ_NUM,CLASS_TYPE) values (186,294,1,'one-of-three-col');
Insert into LARS_PROD.SECTIONS_ELEMENTS_REF (SECTIONS_ID,ELEMENTS_ID,SEQ_NUM,CLASS_TYPE) values (61,81,2,'one-of-four-col');
Insert into LARS_PROD.SECTIONS_ELEMENTS_REF (SECTIONS_ID,ELEMENTS_ID,SEQ_NUM,CLASS_TYPE) values (61,82,3,'one-of-four-col');
Insert into LARS_PROD.SECTIONS_ELEMENTS_REF (SECTIONS_ID,ELEMENTS_ID,SEQ_NUM,CLASS_TYPE) values (61,83,4,'one-of-four-col');
Insert into LARS_PROD.SECTIONS_ELEMENTS_REF (SECTIONS_ID,ELEMENTS_ID,SEQ_NUM,CLASS_TYPE) values (62,67,1,'full-col clear');
Insert into LARS_PROD.SECTIONS_ELEMENTS_REF (SECTIONS_ID,ELEMENTS_ID,SEQ_NUM,CLASS_TYPE) values (63,84,1,'one-of-two-col');
Insert into LARS_PROD.SECTIONS_ELEMENTS_REF (SECTIONS_ID,ELEMENTS_ID,SEQ_NUM,CLASS_TYPE) values (63,46,2,'one-of-four-col');
Insert into LARS_PROD.SECTIONS_ELEMENTS_REF (SECTIONS_ID,ELEMENTS_ID,SEQ_NUM,CLASS_TYPE) values (63,85,3,'one-of-four-col');
Insert into LARS_PROD.SECTIONS_ELEMENTS_REF (SECTIONS_ID,ELEMENTS_ID,SEQ_NUM,CLASS_TYPE) values (81,101,1,'one-of-three-col');
Insert into LARS_PROD.SECTIONS_ELEMENTS_REF (SECTIONS_ID,ELEMENTS_ID,SEQ_NUM,CLASS_TYPE) values (81,102,2,'two-of-three-col clear');
Insert into LARS_PROD.SECTIONS_ELEMENTS_REF (SECTIONS_ID,ELEMENTS_ID,SEQ_NUM,CLASS_TYPE) values (83,104,2,'two-of-three-col clear');
Insert into LARS_PROD.SECTIONS_ELEMENTS_REF (SECTIONS_ID,ELEMENTS_ID,SEQ_NUM,CLASS_TYPE) values (83,103,1,'one-of-three-col');
Insert into LARS_PROD.SECTIONS_ELEMENTS_REF (SECTIONS_ID,ELEMENTS_ID,SEQ_NUM,CLASS_TYPE) values (84,56,1,'full-col clear');
Insert into LARS_PROD.SECTIONS_ELEMENTS_REF (SECTIONS_ID,ELEMENTS_ID,SEQ_NUM,CLASS_TYPE) values (84,56,2,'full-col clear');
Insert into LARS_PROD.SECTIONS_ELEMENTS_REF (SECTIONS_ID,ELEMENTS_ID,SEQ_NUM,CLASS_TYPE) values (85,108,1,'one-of-four-col project-section');
Insert into LARS_PROD.SECTIONS_ELEMENTS_REF (SECTIONS_ID,ELEMENTS_ID,SEQ_NUM,CLASS_TYPE) values (85,109,2,'one-of-four-col clear');
Insert into LARS_PROD.SECTIONS_ELEMENTS_REF (SECTIONS_ID,ELEMENTS_ID,SEQ_NUM,CLASS_TYPE) values (85,106,3,'one-of-four-col project-section');
Insert into LARS_PROD.SECTIONS_ELEMENTS_REF (SECTIONS_ID,ELEMENTS_ID,SEQ_NUM,CLASS_TYPE) values (85,107,4,'one-of-four-col clear');
Insert into LARS_PROD.SECTIONS_ELEMENTS_REF (SECTIONS_ID,ELEMENTS_ID,SEQ_NUM,CLASS_TYPE) values (86,110,1,'one-of-two-col');
Insert into LARS_PROD.SECTIONS_ELEMENTS_REF (SECTIONS_ID,ELEMENTS_ID,SEQ_NUM,CLASS_TYPE) values (86,111,2,'one-of-two-col');
Insert into LARS_PROD.SECTIONS_ELEMENTS_REF (SECTIONS_ID,ELEMENTS_ID,SEQ_NUM,CLASS_TYPE) values (87,112,1,'one-of-three-col');
Insert into LARS_PROD.SECTIONS_ELEMENTS_REF (SECTIONS_ID,ELEMENTS_ID,SEQ_NUM,CLASS_TYPE) values (87,113,2,'two-of-three-col');
Insert into LARS_PROD.SECTIONS_ELEMENTS_REF (SECTIONS_ID,ELEMENTS_ID,SEQ_NUM,CLASS_TYPE) values (88,114,1,'one-of-three-col');
Insert into LARS_PROD.SECTIONS_ELEMENTS_REF (SECTIONS_ID,ELEMENTS_ID,SEQ_NUM,CLASS_TYPE) values (88,115,2,'one-of-three-col');
Insert into LARS_PROD.SECTIONS_ELEMENTS_REF (SECTIONS_ID,ELEMENTS_ID,SEQ_NUM,CLASS_TYPE) values (88,116,3,'one-of-three-col');
Insert into LARS_PROD.SECTIONS_ELEMENTS_REF (SECTIONS_ID,ELEMENTS_ID,SEQ_NUM,CLASS_TYPE) values (89,286,1,'full-col');
Insert into LARS_PROD.SECTIONS_ELEMENTS_REF (SECTIONS_ID,ELEMENTS_ID,SEQ_NUM,CLASS_TYPE) values (90,118,1,'one-of-two-col');
Insert into LARS_PROD.SECTIONS_ELEMENTS_REF (SECTIONS_ID,ELEMENTS_ID,SEQ_NUM,CLASS_TYPE) values (90,119,2,'one-of-two-col');
Insert into LARS_PROD.SECTIONS_ELEMENTS_REF (SECTIONS_ID,ELEMENTS_ID,SEQ_NUM,CLASS_TYPE) values (91,121,1,'one-of-three-col');
Insert into LARS_PROD.SECTIONS_ELEMENTS_REF (SECTIONS_ID,ELEMENTS_ID,SEQ_NUM,CLASS_TYPE) values (91,122,2,'two-of-three-col');
Insert into LARS_PROD.SECTIONS_ELEMENTS_REF (SECTIONS_ID,ELEMENTS_ID,SEQ_NUM,CLASS_TYPE) values (92,123,1,'one-of-three-col');
Insert into LARS_PROD.SECTIONS_ELEMENTS_REF (SECTIONS_ID,ELEMENTS_ID,SEQ_NUM,CLASS_TYPE) values (92,124,2,'one-of-three-col');
Insert into LARS_PROD.SECTIONS_ELEMENTS_REF (SECTIONS_ID,ELEMENTS_ID,SEQ_NUM,CLASS_TYPE) values (92,125,3,'one-of-three-col');
Insert into LARS_PROD.SECTIONS_ELEMENTS_REF (SECTIONS_ID,ELEMENTS_ID,SEQ_NUM,CLASS_TYPE) values (93,286,1,'full-col');
Insert into LARS_PROD.SECTIONS_ELEMENTS_REF (SECTIONS_ID,ELEMENTS_ID,SEQ_NUM,CLASS_TYPE) values (94,126,1,'one-of-two-col');
Insert into LARS_PROD.SECTIONS_ELEMENTS_REF (SECTIONS_ID,ELEMENTS_ID,SEQ_NUM,CLASS_TYPE) values (94,127,2,'one-of-two-col');
Insert into LARS_PROD.SECTIONS_ELEMENTS_REF (SECTIONS_ID,ELEMENTS_ID,SEQ_NUM,CLASS_TYPE) values (95,128,1,'one-of-three-col');
Insert into LARS_PROD.SECTIONS_ELEMENTS_REF (SECTIONS_ID,ELEMENTS_ID,SEQ_NUM,CLASS_TYPE) values (95,129,2,'two-of-three-col');
Insert into LARS_PROD.SECTIONS_ELEMENTS_REF (SECTIONS_ID,ELEMENTS_ID,SEQ_NUM,CLASS_TYPE) values (96,131,1,'one-of-three-col');
Insert into LARS_PROD.SECTIONS_ELEMENTS_REF (SECTIONS_ID,ELEMENTS_ID,SEQ_NUM,CLASS_TYPE) values (96,132,2,'one-of-three-col');
Insert into LARS_PROD.SECTIONS_ELEMENTS_REF (SECTIONS_ID,ELEMENTS_ID,SEQ_NUM,CLASS_TYPE) values (96,130,3,'one-of-three-col');
Insert into LARS_PROD.SECTIONS_ELEMENTS_REF (SECTIONS_ID,ELEMENTS_ID,SEQ_NUM,CLASS_TYPE) values (97,286,1,'full-col');
Insert into LARS_PROD.SECTIONS_ELEMENTS_REF (SECTIONS_ID,ELEMENTS_ID,SEQ_NUM,CLASS_TYPE) values (98,133,1,'one-of-two-col');
Insert into LARS_PROD.SECTIONS_ELEMENTS_REF (SECTIONS_ID,ELEMENTS_ID,SEQ_NUM,CLASS_TYPE) values (98,134,2,'one-of-two-col');
Insert into LARS_PROD.SECTIONS_ELEMENTS_REF (SECTIONS_ID,ELEMENTS_ID,SEQ_NUM,CLASS_TYPE) values (99,135,1,'one-of-three-col');
Insert into LARS_PROD.SECTIONS_ELEMENTS_REF (SECTIONS_ID,ELEMENTS_ID,SEQ_NUM,CLASS_TYPE) values (99,136,2,'two-of-three-col');
Insert into LARS_PROD.SECTIONS_ELEMENTS_REF (SECTIONS_ID,ELEMENTS_ID,SEQ_NUM,CLASS_TYPE) values (100,137,1,'one-of-three-col');
Insert into LARS_PROD.SECTIONS_ELEMENTS_REF (SECTIONS_ID,ELEMENTS_ID,SEQ_NUM,CLASS_TYPE) values (100,138,2,'one-of-three-col');
Insert into LARS_PROD.SECTIONS_ELEMENTS_REF (SECTIONS_ID,ELEMENTS_ID,SEQ_NUM,CLASS_TYPE) values (100,139,3,'one-of-three-col');
Insert into LARS_PROD.SECTIONS_ELEMENTS_REF (SECTIONS_ID,ELEMENTS_ID,SEQ_NUM,CLASS_TYPE) values (101,286,1,'full-col');
Insert into LARS_PROD.SECTIONS_ELEMENTS_REF (SECTIONS_ID,ELEMENTS_ID,SEQ_NUM,CLASS_TYPE) values (103,140,1,'one-of-two-col');
Insert into LARS_PROD.SECTIONS_ELEMENTS_REF (SECTIONS_ID,ELEMENTS_ID,SEQ_NUM,CLASS_TYPE) values (103,141,2,'one-of-two-col');
Insert into LARS_PROD.SECTIONS_ELEMENTS_REF (SECTIONS_ID,ELEMENTS_ID,SEQ_NUM,CLASS_TYPE) values (102,145,1,'one-of-three-col');
Insert into LARS_PROD.SECTIONS_ELEMENTS_REF (SECTIONS_ID,ELEMENTS_ID,SEQ_NUM,CLASS_TYPE) values (102,146,2,'two-of-three-col');
Insert into LARS_PROD.SECTIONS_ELEMENTS_REF (SECTIONS_ID,ELEMENTS_ID,SEQ_NUM,CLASS_TYPE) values (104,142,1,'one-of-three-col');
Insert into LARS_PROD.SECTIONS_ELEMENTS_REF (SECTIONS_ID,ELEMENTS_ID,SEQ_NUM,CLASS_TYPE) values (104,143,2,'one-of-three-col');
Insert into LARS_PROD.SECTIONS_ELEMENTS_REF (SECTIONS_ID,ELEMENTS_ID,SEQ_NUM,CLASS_TYPE) values (104,144,3,'one-of-three-col');
Insert into LARS_PROD.SECTIONS_ELEMENTS_REF (SECTIONS_ID,ELEMENTS_ID,SEQ_NUM,CLASS_TYPE) values (105,286,1,'full-col');
Insert into LARS_PROD.SECTIONS_ELEMENTS_REF (SECTIONS_ID,ELEMENTS_ID,SEQ_NUM,CLASS_TYPE) values (109,152,1,'one-of-three-col');
Insert into LARS_PROD.SECTIONS_ELEMENTS_REF (SECTIONS_ID,ELEMENTS_ID,SEQ_NUM,CLASS_TYPE) values (109,153,2,'two-of-three-col');
Insert into LARS_PROD.SECTIONS_ELEMENTS_REF (SECTIONS_ID,ELEMENTS_ID,SEQ_NUM,CLASS_TYPE) values (106,147,1,'one-of-two-col');
Insert into LARS_PROD.SECTIONS_ELEMENTS_REF (SECTIONS_ID,ELEMENTS_ID,SEQ_NUM,CLASS_TYPE) values (106,148,2,'one-of-two-col');
Insert into LARS_PROD.SECTIONS_ELEMENTS_REF (SECTIONS_ID,ELEMENTS_ID,SEQ_NUM,CLASS_TYPE) values (107,149,1,'one-of-three-col');
Insert into LARS_PROD.SECTIONS_ELEMENTS_REF (SECTIONS_ID,ELEMENTS_ID,SEQ_NUM,CLASS_TYPE) values (107,150,2,'one-of-three-col');
Insert into LARS_PROD.SECTIONS_ELEMENTS_REF (SECTIONS_ID,ELEMENTS_ID,SEQ_NUM,CLASS_TYPE) values (107,151,3,'one-of-three-col');
Insert into LARS_PROD.SECTIONS_ELEMENTS_REF (SECTIONS_ID,ELEMENTS_ID,SEQ_NUM,CLASS_TYPE) values (108,286,1,'full-col');
Insert into LARS_PROD.SECTIONS_ELEMENTS_REF (SECTIONS_ID,ELEMENTS_ID,SEQ_NUM,CLASS_TYPE) values (110,154,1,'one-of-two-col');
Insert into LARS_PROD.SECTIONS_ELEMENTS_REF (SECTIONS_ID,ELEMENTS_ID,SEQ_NUM,CLASS_TYPE) values (110,155,2,'one-of-two-col');
Insert into LARS_PROD.SECTIONS_ELEMENTS_REF (SECTIONS_ID,ELEMENTS_ID,SEQ_NUM,CLASS_TYPE) values (111,156,1,'one-of-three-col');
Insert into LARS_PROD.SECTIONS_ELEMENTS_REF (SECTIONS_ID,ELEMENTS_ID,SEQ_NUM,CLASS_TYPE) values (111,157,2,'one-of-three-col');
Insert into LARS_PROD.SECTIONS_ELEMENTS_REF (SECTIONS_ID,ELEMENTS_ID,SEQ_NUM,CLASS_TYPE) values (111,158,3,'one-of-three-col');
Insert into LARS_PROD.SECTIONS_ELEMENTS_REF (SECTIONS_ID,ELEMENTS_ID,SEQ_NUM,CLASS_TYPE) values (112,286,1,'full-col');
Insert into LARS_PROD.SECTIONS_ELEMENTS_REF (SECTIONS_ID,ELEMENTS_ID,SEQ_NUM,CLASS_TYPE) values (113,159,1,'one-of-three-col');
Insert into LARS_PROD.SECTIONS_ELEMENTS_REF (SECTIONS_ID,ELEMENTS_ID,SEQ_NUM,CLASS_TYPE) values (113,160,2,'two-of-three-col');
Insert into LARS_PROD.SECTIONS_ELEMENTS_REF (SECTIONS_ID,ELEMENTS_ID,SEQ_NUM,CLASS_TYPE) values (114,161,1,'one-of-two-col');
Insert into LARS_PROD.SECTIONS_ELEMENTS_REF (SECTIONS_ID,ELEMENTS_ID,SEQ_NUM,CLASS_TYPE) values (114,162,2,'one-of-two-col');
Insert into LARS_PROD.SECTIONS_ELEMENTS_REF (SECTIONS_ID,ELEMENTS_ID,SEQ_NUM,CLASS_TYPE) values (115,163,1,'one-of-three-col');
Insert into LARS_PROD.SECTIONS_ELEMENTS_REF (SECTIONS_ID,ELEMENTS_ID,SEQ_NUM,CLASS_TYPE) values (115,164,2,'one-of-three-col');
Insert into LARS_PROD.SECTIONS_ELEMENTS_REF (SECTIONS_ID,ELEMENTS_ID,SEQ_NUM,CLASS_TYPE) values (115,165,3,'one-of-three-col');
Insert into LARS_PROD.SECTIONS_ELEMENTS_REF (SECTIONS_ID,ELEMENTS_ID,SEQ_NUM,CLASS_TYPE) values (116,286,1,'full-col');
Insert into LARS_PROD.SECTIONS_ELEMENTS_REF (SECTIONS_ID,ELEMENTS_ID,SEQ_NUM,CLASS_TYPE) values (117,166,1,'one-of-three-col');
Insert into LARS_PROD.SECTIONS_ELEMENTS_REF (SECTIONS_ID,ELEMENTS_ID,SEQ_NUM,CLASS_TYPE) values (117,167,2,'two-of-three-col');
Insert into LARS_PROD.SECTIONS_ELEMENTS_REF (SECTIONS_ID,ELEMENTS_ID,SEQ_NUM,CLASS_TYPE) values (118,168,1,'one-of-two-col');
Insert into LARS_PROD.SECTIONS_ELEMENTS_REF (SECTIONS_ID,ELEMENTS_ID,SEQ_NUM,CLASS_TYPE) values (118,169,2,'one-of-two-col');
Insert into LARS_PROD.SECTIONS_ELEMENTS_REF (SECTIONS_ID,ELEMENTS_ID,SEQ_NUM,CLASS_TYPE) values (119,170,1,'one-of-three-col');
Insert into LARS_PROD.SECTIONS_ELEMENTS_REF (SECTIONS_ID,ELEMENTS_ID,SEQ_NUM,CLASS_TYPE) values (119,171,2,'one-of-three-col');
Insert into LARS_PROD.SECTIONS_ELEMENTS_REF (SECTIONS_ID,ELEMENTS_ID,SEQ_NUM,CLASS_TYPE) values (119,172,3,'one-of-three-col');
Insert into LARS_PROD.SECTIONS_ELEMENTS_REF (SECTIONS_ID,ELEMENTS_ID,SEQ_NUM,CLASS_TYPE) values (120,287,1,'full-col');
Insert into LARS_PROD.SECTIONS_ELEMENTS_REF (SECTIONS_ID,ELEMENTS_ID,SEQ_NUM,CLASS_TYPE) values (121,173,1,'one-of-three-col');
Insert into LARS_PROD.SECTIONS_ELEMENTS_REF (SECTIONS_ID,ELEMENTS_ID,SEQ_NUM,CLASS_TYPE) values (121,174,2,'two-of-three-col');
Insert into LARS_PROD.SECTIONS_ELEMENTS_REF (SECTIONS_ID,ELEMENTS_ID,SEQ_NUM,CLASS_TYPE) values (122,175,1,'one-of-two-col');
Insert into LARS_PROD.SECTIONS_ELEMENTS_REF (SECTIONS_ID,ELEMENTS_ID,SEQ_NUM,CLASS_TYPE) values (122,176,2,'one-of-two-col');
Insert into LARS_PROD.SECTIONS_ELEMENTS_REF (SECTIONS_ID,ELEMENTS_ID,SEQ_NUM,CLASS_TYPE) values (123,177,1,'one-of-three-col');
Insert into LARS_PROD.SECTIONS_ELEMENTS_REF (SECTIONS_ID,ELEMENTS_ID,SEQ_NUM,CLASS_TYPE) values (123,178,2,'one-of-three-col');
Insert into LARS_PROD.SECTIONS_ELEMENTS_REF (SECTIONS_ID,ELEMENTS_ID,SEQ_NUM,CLASS_TYPE) values (123,179,3,'one-of-three-col');
Insert into LARS_PROD.SECTIONS_ELEMENTS_REF (SECTIONS_ID,ELEMENTS_ID,SEQ_NUM,CLASS_TYPE) values (181,281,1,'one-of-three-col');
Insert into LARS_PROD.SECTIONS_ELEMENTS_REF (SECTIONS_ID,ELEMENTS_ID,SEQ_NUM,CLASS_TYPE) values (125,180,1,'one-of-three-col');
Insert into LARS_PROD.SECTIONS_ELEMENTS_REF (SECTIONS_ID,ELEMENTS_ID,SEQ_NUM,CLASS_TYPE) values (125,181,2,'two-of-three-col');
Insert into LARS_PROD.SECTIONS_ELEMENTS_REF (SECTIONS_ID,ELEMENTS_ID,SEQ_NUM,CLASS_TYPE) values (126,188,1,'one-of-two-col');
Insert into LARS_PROD.SECTIONS_ELEMENTS_REF (SECTIONS_ID,ELEMENTS_ID,SEQ_NUM,CLASS_TYPE) values (126,189,2,'one-of-two-col');
Insert into LARS_PROD.SECTIONS_ELEMENTS_REF (SECTIONS_ID,ELEMENTS_ID,SEQ_NUM,CLASS_TYPE) values (127,190,1,'one-of-three-col');
Insert into LARS_PROD.SECTIONS_ELEMENTS_REF (SECTIONS_ID,ELEMENTS_ID,SEQ_NUM,CLASS_TYPE) values (127,191,2,'one-of-three-col');
Insert into LARS_PROD.SECTIONS_ELEMENTS_REF (SECTIONS_ID,ELEMENTS_ID,SEQ_NUM,CLASS_TYPE) values (127,192,3,'one-of-three-col');
Insert into LARS_PROD.SECTIONS_ELEMENTS_REF (SECTIONS_ID,ELEMENTS_ID,SEQ_NUM,CLASS_TYPE) values (128,286,1,'full-col');
Insert into LARS_PROD.SECTIONS_ELEMENTS_REF (SECTIONS_ID,ELEMENTS_ID,SEQ_NUM,CLASS_TYPE) values (129,193,1,'one-of-three-col');
Insert into LARS_PROD.SECTIONS_ELEMENTS_REF (SECTIONS_ID,ELEMENTS_ID,SEQ_NUM,CLASS_TYPE) values (129,194,2,'two-of-three-col');
Insert into LARS_PROD.SECTIONS_ELEMENTS_REF (SECTIONS_ID,ELEMENTS_ID,SEQ_NUM,CLASS_TYPE) values (130,195,1,'one-of-two-col');
Insert into LARS_PROD.SECTIONS_ELEMENTS_REF (SECTIONS_ID,ELEMENTS_ID,SEQ_NUM,CLASS_TYPE) values (130,196,2,'one-of-two-col');
Insert into LARS_PROD.SECTIONS_ELEMENTS_REF (SECTIONS_ID,ELEMENTS_ID,SEQ_NUM,CLASS_TYPE) values (131,197,1,'one-of-three-col');
Insert into LARS_PROD.SECTIONS_ELEMENTS_REF (SECTIONS_ID,ELEMENTS_ID,SEQ_NUM,CLASS_TYPE) values (131,198,2,'one-of-three-col');
Insert into LARS_PROD.SECTIONS_ELEMENTS_REF (SECTIONS_ID,ELEMENTS_ID,SEQ_NUM,CLASS_TYPE) values (131,199,3,'one-of-three-col');
Insert into LARS_PROD.SECTIONS_ELEMENTS_REF (SECTIONS_ID,ELEMENTS_ID,SEQ_NUM,CLASS_TYPE) values (132,286,1,'full-col');
Insert into LARS_PROD.SECTIONS_ELEMENTS_REF (SECTIONS_ID,ELEMENTS_ID,SEQ_NUM,CLASS_TYPE) values (133,200,1,'one-of-three-col');
Insert into LARS_PROD.SECTIONS_ELEMENTS_REF (SECTIONS_ID,ELEMENTS_ID,SEQ_NUM,CLASS_TYPE) values (133,201,2,'two-of-three-col');
Insert into LARS_PROD.SECTIONS_ELEMENTS_REF (SECTIONS_ID,ELEMENTS_ID,SEQ_NUM,CLASS_TYPE) values (138,202,1,'one-of-two-col');
Insert into LARS_PROD.SECTIONS_ELEMENTS_REF (SECTIONS_ID,ELEMENTS_ID,SEQ_NUM,CLASS_TYPE) values (138,203,2,'one-of-two-col');
Insert into LARS_PROD.SECTIONS_ELEMENTS_REF (SECTIONS_ID,ELEMENTS_ID,SEQ_NUM,CLASS_TYPE) values (139,204,1,'one-of-three-col');
Insert into LARS_PROD.SECTIONS_ELEMENTS_REF (SECTIONS_ID,ELEMENTS_ID,SEQ_NUM,CLASS_TYPE) values (139,205,2,'one-of-three-col');
Insert into LARS_PROD.SECTIONS_ELEMENTS_REF (SECTIONS_ID,ELEMENTS_ID,SEQ_NUM,CLASS_TYPE) values (139,206,3,'one-of-three-col');
Insert into LARS_PROD.SECTIONS_ELEMENTS_REF (SECTIONS_ID,ELEMENTS_ID,SEQ_NUM,CLASS_TYPE) values (140,286,1,'full-col');
Insert into LARS_PROD.SECTIONS_ELEMENTS_REF (SECTIONS_ID,ELEMENTS_ID,SEQ_NUM,CLASS_TYPE) values (141,207,1,'one-of-three-col');
Insert into LARS_PROD.SECTIONS_ELEMENTS_REF (SECTIONS_ID,ELEMENTS_ID,SEQ_NUM,CLASS_TYPE) values (141,208,2,'two-of-three-col');
Insert into LARS_PROD.SECTIONS_ELEMENTS_REF (SECTIONS_ID,ELEMENTS_ID,SEQ_NUM,CLASS_TYPE) values (142,209,1,'one-of-two-col');
Insert into LARS_PROD.SECTIONS_ELEMENTS_REF (SECTIONS_ID,ELEMENTS_ID,SEQ_NUM,CLASS_TYPE) values (142,210,2,'one-of-two-col');
Insert into LARS_PROD.SECTIONS_ELEMENTS_REF (SECTIONS_ID,ELEMENTS_ID,SEQ_NUM,CLASS_TYPE) values (143,211,1,'one-of-three-col');
Insert into LARS_PROD.SECTIONS_ELEMENTS_REF (SECTIONS_ID,ELEMENTS_ID,SEQ_NUM,CLASS_TYPE) values (143,212,2,'one-of-three-col');
Insert into LARS_PROD.SECTIONS_ELEMENTS_REF (SECTIONS_ID,ELEMENTS_ID,SEQ_NUM,CLASS_TYPE) values (143,213,3,'one-of-three-col');
Insert into LARS_PROD.SECTIONS_ELEMENTS_REF (SECTIONS_ID,ELEMENTS_ID,SEQ_NUM,CLASS_TYPE) values (144,286,1,'full-col');
Insert into LARS_PROD.SECTIONS_ELEMENTS_REF (SECTIONS_ID,ELEMENTS_ID,SEQ_NUM,CLASS_TYPE) values (145,214,1,'one-of-three-col');
Insert into LARS_PROD.SECTIONS_ELEMENTS_REF (SECTIONS_ID,ELEMENTS_ID,SEQ_NUM,CLASS_TYPE) values (145,215,2,'two-of-three-col');
Insert into LARS_PROD.SECTIONS_ELEMENTS_REF (SECTIONS_ID,ELEMENTS_ID,SEQ_NUM,CLASS_TYPE) values (146,216,1,'one-of-two-col');
Insert into LARS_PROD.SECTIONS_ELEMENTS_REF (SECTIONS_ID,ELEMENTS_ID,SEQ_NUM,CLASS_TYPE) values (146,217,2,'one-of-two-col');
Insert into LARS_PROD.SECTIONS_ELEMENTS_REF (SECTIONS_ID,ELEMENTS_ID,SEQ_NUM,CLASS_TYPE) values (147,218,1,'one-of-three-col');
Insert into LARS_PROD.SECTIONS_ELEMENTS_REF (SECTIONS_ID,ELEMENTS_ID,SEQ_NUM,CLASS_TYPE) values (147,219,2,'one-of-three-col');
Insert into LARS_PROD.SECTIONS_ELEMENTS_REF (SECTIONS_ID,ELEMENTS_ID,SEQ_NUM,CLASS_TYPE) values (147,220,3,'one-of-three-col');
Insert into LARS_PROD.SECTIONS_ELEMENTS_REF (SECTIONS_ID,ELEMENTS_ID,SEQ_NUM,CLASS_TYPE) values (148,286,1,'full-col');
Insert into LARS_PROD.SECTIONS_ELEMENTS_REF (SECTIONS_ID,ELEMENTS_ID,SEQ_NUM,CLASS_TYPE) values (149,221,1,'one-of-three-col');
Insert into LARS_PROD.SECTIONS_ELEMENTS_REF (SECTIONS_ID,ELEMENTS_ID,SEQ_NUM,CLASS_TYPE) values (149,222,2,'two-of-three-col');
Insert into LARS_PROD.SECTIONS_ELEMENTS_REF (SECTIONS_ID,ELEMENTS_ID,SEQ_NUM,CLASS_TYPE) values (150,223,1,'one-of-two-col');
Insert into LARS_PROD.SECTIONS_ELEMENTS_REF (SECTIONS_ID,ELEMENTS_ID,SEQ_NUM,CLASS_TYPE) values (150,224,2,'one-of-two-col');
Insert into LARS_PROD.SECTIONS_ELEMENTS_REF (SECTIONS_ID,ELEMENTS_ID,SEQ_NUM,CLASS_TYPE) values (151,225,1,'one-of-three-col');
Insert into LARS_PROD.SECTIONS_ELEMENTS_REF (SECTIONS_ID,ELEMENTS_ID,SEQ_NUM,CLASS_TYPE) values (151,226,2,'one-of-three-col');
Insert into LARS_PROD.SECTIONS_ELEMENTS_REF (SECTIONS_ID,ELEMENTS_ID,SEQ_NUM,CLASS_TYPE) values (151,227,3,'one-of-three-col');
Insert into LARS_PROD.SECTIONS_ELEMENTS_REF (SECTIONS_ID,ELEMENTS_ID,SEQ_NUM,CLASS_TYPE) values (152,286,1,'full-col');
Insert into LARS_PROD.SECTIONS_ELEMENTS_REF (SECTIONS_ID,ELEMENTS_ID,SEQ_NUM,CLASS_TYPE) values (153,228,1,'one-of-three-col');
Insert into LARS_PROD.SECTIONS_ELEMENTS_REF (SECTIONS_ID,ELEMENTS_ID,SEQ_NUM,CLASS_TYPE) values (153,229,2,'two-of-three-col');
Insert into LARS_PROD.SECTIONS_ELEMENTS_REF (SECTIONS_ID,ELEMENTS_ID,SEQ_NUM,CLASS_TYPE) values (154,230,1,'one-of-two-col');
Insert into LARS_PROD.SECTIONS_ELEMENTS_REF (SECTIONS_ID,ELEMENTS_ID,SEQ_NUM,CLASS_TYPE) values (154,231,2,'one-of-two-col');
Insert into LARS_PROD.SECTIONS_ELEMENTS_REF (SECTIONS_ID,ELEMENTS_ID,SEQ_NUM,CLASS_TYPE) values (155,232,1,'one-of-three-col');
Insert into LARS_PROD.SECTIONS_ELEMENTS_REF (SECTIONS_ID,ELEMENTS_ID,SEQ_NUM,CLASS_TYPE) values (155,233,2,'one-of-three-col');
Insert into LARS_PROD.SECTIONS_ELEMENTS_REF (SECTIONS_ID,ELEMENTS_ID,SEQ_NUM,CLASS_TYPE) values (155,234,3,'one-of-three-col');
Insert into LARS_PROD.SECTIONS_ELEMENTS_REF (SECTIONS_ID,ELEMENTS_ID,SEQ_NUM,CLASS_TYPE) values (156,286,1,'full-col');
Insert into LARS_PROD.SECTIONS_ELEMENTS_REF (SECTIONS_ID,ELEMENTS_ID,SEQ_NUM,CLASS_TYPE) values (157,235,1,'one-of-three-col');
Insert into LARS_PROD.SECTIONS_ELEMENTS_REF (SECTIONS_ID,ELEMENTS_ID,SEQ_NUM,CLASS_TYPE) values (157,236,2,'two-of-three-col');
Insert into LARS_PROD.SECTIONS_ELEMENTS_REF (SECTIONS_ID,ELEMENTS_ID,SEQ_NUM,CLASS_TYPE) values (158,237,1,'one-of-three-col');
Insert into LARS_PROD.SECTIONS_ELEMENTS_REF (SECTIONS_ID,ELEMENTS_ID,SEQ_NUM,CLASS_TYPE) values (158,238,2,'two-of-three-col clear');
Insert into LARS_PROD.SECTIONS_ELEMENTS_REF (SECTIONS_ID,ELEMENTS_ID,SEQ_NUM,CLASS_TYPE) values (159,239,1,'one-of-three-col');
Insert into LARS_PROD.SECTIONS_ELEMENTS_REF (SECTIONS_ID,ELEMENTS_ID,SEQ_NUM,CLASS_TYPE) values (159,240,2,'two-of-three-col clear');
Insert into LARS_PROD.SECTIONS_ELEMENTS_REF (SECTIONS_ID,ELEMENTS_ID,SEQ_NUM,CLASS_TYPE) values (160,241,1,'one-of-three-col');
Insert into LARS_PROD.SECTIONS_ELEMENTS_REF (SECTIONS_ID,ELEMENTS_ID,SEQ_NUM,CLASS_TYPE) values (160,242,2,'two-of-three-col clear');
Insert into LARS_PROD.SECTIONS_ELEMENTS_REF (SECTIONS_ID,ELEMENTS_ID,SEQ_NUM,CLASS_TYPE) values (161,245,1,'one-of-four-col project-section');
Insert into LARS_PROD.SECTIONS_ELEMENTS_REF (SECTIONS_ID,ELEMENTS_ID,SEQ_NUM,CLASS_TYPE) values (161,247,2,'one-of-four-col clear');
Insert into LARS_PROD.SECTIONS_ELEMENTS_REF (SECTIONS_ID,ELEMENTS_ID,SEQ_NUM,CLASS_TYPE) values (161,246,3,'one-of-four-col project-section');
Insert into LARS_PROD.SECTIONS_ELEMENTS_REF (SECTIONS_ID,ELEMENTS_ID,SEQ_NUM,CLASS_TYPE) values (161,248,4,'one-of-four-col clear');
Insert into LARS_PROD.SECTIONS_ELEMENTS_REF (SECTIONS_ID,ELEMENTS_ID,SEQ_NUM,CLASS_TYPE) values (162,249,1,'one-of-four-col project-section');
Insert into LARS_PROD.SECTIONS_ELEMENTS_REF (SECTIONS_ID,ELEMENTS_ID,SEQ_NUM,CLASS_TYPE) values (162,250,2,'one-of-four-col clear');
Insert into LARS_PROD.SECTIONS_ELEMENTS_REF (SECTIONS_ID,ELEMENTS_ID,SEQ_NUM,CLASS_TYPE) values (162,251,3,'one-of-four-col project-section');
Insert into LARS_PROD.SECTIONS_ELEMENTS_REF (SECTIONS_ID,ELEMENTS_ID,SEQ_NUM,CLASS_TYPE) values (162,252,4,'one-of-four-col clear');
Insert into LARS_PROD.SECTIONS_ELEMENTS_REF (SECTIONS_ID,ELEMENTS_ID,SEQ_NUM,CLASS_TYPE) values (163,243,1,'one-of-four-col project-section');
Insert into LARS_PROD.SECTIONS_ELEMENTS_REF (SECTIONS_ID,ELEMENTS_ID,SEQ_NUM,CLASS_TYPE) values (163,244,2,'one-of-four-col clear');
Insert into LARS_PROD.SECTIONS_ELEMENTS_REF (SECTIONS_ID,ELEMENTS_ID,SEQ_NUM,CLASS_TYPE) values (163,253,3,'one-of-four-col project-section');
Insert into LARS_PROD.SECTIONS_ELEMENTS_REF (SECTIONS_ID,ELEMENTS_ID,SEQ_NUM,CLASS_TYPE) values (163,254,4,'one-of-four-col clear');
Insert into LARS_PROD.SECTIONS_ELEMENTS_REF (SECTIONS_ID,ELEMENTS_ID,SEQ_NUM,CLASS_TYPE) values (164,255,1,'one-of-four-col project-section');
Insert into LARS_PROD.SECTIONS_ELEMENTS_REF (SECTIONS_ID,ELEMENTS_ID,SEQ_NUM,CLASS_TYPE) values (164,256,2,'one-of-four-col clear');
Insert into LARS_PROD.SECTIONS_ELEMENTS_REF (SECTIONS_ID,ELEMENTS_ID,SEQ_NUM,CLASS_TYPE) values (164,257,3,'one-of-four-col project-section');
Insert into LARS_PROD.SECTIONS_ELEMENTS_REF (SECTIONS_ID,ELEMENTS_ID,SEQ_NUM,CLASS_TYPE) values (164,258,4,'one-of-four-col clear');
Insert into LARS_PROD.SECTIONS_ELEMENTS_REF (SECTIONS_ID,ELEMENTS_ID,SEQ_NUM,CLASS_TYPE) values (165,259,1,'one-of-four-col project-section');
Insert into LARS_PROD.SECTIONS_ELEMENTS_REF (SECTIONS_ID,ELEMENTS_ID,SEQ_NUM,CLASS_TYPE) values (165,260,2,'one-of-four-col clear');
Insert into LARS_PROD.SECTIONS_ELEMENTS_REF (SECTIONS_ID,ELEMENTS_ID,SEQ_NUM,CLASS_TYPE) values (165,261,3,'one-of-four-col project-section');
Insert into LARS_PROD.SECTIONS_ELEMENTS_REF (SECTIONS_ID,ELEMENTS_ID,SEQ_NUM,CLASS_TYPE) values (165,262,4,'one-of-four-col clear');
Insert into LARS_PROD.SECTIONS_ELEMENTS_REF (SECTIONS_ID,ELEMENTS_ID,SEQ_NUM,CLASS_TYPE) values (1,1,1,'full-col');
Insert into LARS_PROD.SECTIONS_ELEMENTS_REF (SECTIONS_ID,ELEMENTS_ID,SEQ_NUM,CLASS_TYPE) values (45,54,2,'one-of-three-col');
Insert into LARS_PROD.SECTIONS_ELEMENTS_REF (SECTIONS_ID,ELEMENTS_ID,SEQ_NUM,CLASS_TYPE) values (3,3,1,'full-col');
Insert into LARS_PROD.SECTIONS_ELEMENTS_REF (SECTIONS_ID,ELEMENTS_ID,SEQ_NUM,CLASS_TYPE) values (5,5,1,'full-col');
Insert into LARS_PROD.SECTIONS_ELEMENTS_REF (SECTIONS_ID,ELEMENTS_ID,SEQ_NUM,CLASS_TYPE) values (7,7,1,'full-col');
Insert into LARS_PROD.SECTIONS_ELEMENTS_REF (SECTIONS_ID,ELEMENTS_ID,SEQ_NUM,CLASS_TYPE) values (8,8,1,'full-col');
Insert into LARS_PROD.SECTIONS_ELEMENTS_REF (SECTIONS_ID,ELEMENTS_ID,SEQ_NUM,CLASS_TYPE) values (21,21,1,'two-of-three-col');
Insert into LARS_PROD.SECTIONS_ELEMENTS_REF (SECTIONS_ID,ELEMENTS_ID,SEQ_NUM,CLASS_TYPE) values (41,41,2,'one-of-three-col');
Insert into LARS_PROD.SECTIONS_ELEMENTS_REF (SECTIONS_ID,ELEMENTS_ID,SEQ_NUM,CLASS_TYPE) values (41,42,3,'one-of-three-col clear');
Insert into LARS_PROD.SECTIONS_ELEMENTS_REF (SECTIONS_ID,ELEMENTS_ID,SEQ_NUM,CLASS_TYPE) values (41,42,1,'one-of-three-col clear');
Insert into LARS_PROD.SECTIONS_ELEMENTS_REF (SECTIONS_ID,ELEMENTS_ID,SEQ_NUM,CLASS_TYPE) values (42,43,1,'one-of-four-col');
Insert into LARS_PROD.SECTIONS_ELEMENTS_REF (SECTIONS_ID,ELEMENTS_ID,SEQ_NUM,CLASS_TYPE) values (42,44,2,'one-of-four-col');
Insert into LARS_PROD.SECTIONS_ELEMENTS_REF (SECTIONS_ID,ELEMENTS_ID,SEQ_NUM,CLASS_TYPE) values (42,45,3,'one-of-four-col');
Insert into LARS_PROD.SECTIONS_ELEMENTS_REF (SECTIONS_ID,ELEMENTS_ID,SEQ_NUM,CLASS_TYPE) values (4,4,1,'full-col');
Insert into LARS_PROD.SECTIONS_ELEMENTS_REF (SECTIONS_ID,ELEMENTS_ID,SEQ_NUM,CLASS_TYPE) values (43,47,1,'full-col');
Insert into LARS_PROD.SECTIONS_ELEMENTS_REF (SECTIONS_ID,ELEMENTS_ID,SEQ_NUM,CLASS_TYPE) values (44,48,1,'full-col');
Insert into LARS_PROD.SECTIONS_ELEMENTS_REF (SECTIONS_ID,ELEMENTS_ID,SEQ_NUM,CLASS_TYPE) values (21,49,2,'one-of-three-col');
Insert into LARS_PROD.SECTIONS_ELEMENTS_REF (SECTIONS_ID,ELEMENTS_ID,SEQ_NUM,CLASS_TYPE) values (2,50,1,'one-of-three-col');
Insert into LARS_PROD.SECTIONS_ELEMENTS_REF (SECTIONS_ID,ELEMENTS_ID,SEQ_NUM,CLASS_TYPE) values (2,51,2,'one-of-three-col');
Insert into LARS_PROD.SECTIONS_ELEMENTS_REF (SECTIONS_ID,ELEMENTS_ID,SEQ_NUM,CLASS_TYPE) values (2,52,3,'one-of-three-col');
Insert into LARS_PROD.SECTIONS_ELEMENTS_REF (SECTIONS_ID,ELEMENTS_ID,SEQ_NUM,CLASS_TYPE) values (45,53,1,'one-of-three-col');
Insert into LARS_PROD.SECTIONS_ELEMENTS_REF (SECTIONS_ID,ELEMENTS_ID,SEQ_NUM,CLASS_TYPE) values (45,55,3,'one-of-three-col');
Insert into LARS_PROD.SECTIONS_ELEMENTS_REF (SECTIONS_ID,ELEMENTS_ID,SEQ_NUM,CLASS_TYPE) values (46,56,1,'full-col clear');
Insert into LARS_PROD.SECTIONS_ELEMENTS_REF (SECTIONS_ID,ELEMENTS_ID,SEQ_NUM,CLASS_TYPE) values (47,57,1,'one-of-three-col');
Insert into LARS_PROD.SECTIONS_ELEMENTS_REF (SECTIONS_ID,ELEMENTS_ID,SEQ_NUM,CLASS_TYPE) values (47,58,2,'one-of-three-col');
Insert into LARS_PROD.SECTIONS_ELEMENTS_REF (SECTIONS_ID,ELEMENTS_ID,SEQ_NUM,CLASS_TYPE) values (47,59,3,'one-of-three-col');
Insert into LARS_PROD.SECTIONS_ELEMENTS_REF (SECTIONS_ID,ELEMENTS_ID,SEQ_NUM,CLASS_TYPE) values (48,60,1,'full-col');
Insert into LARS_PROD.SECTIONS_ELEMENTS_REF (SECTIONS_ID,ELEMENTS_ID,SEQ_NUM,CLASS_TYPE) values (49,61,1,'one-of-two-col');
Insert into LARS_PROD.SECTIONS_ELEMENTS_REF (SECTIONS_ID,ELEMENTS_ID,SEQ_NUM,CLASS_TYPE) values (49,62,2,'one-of-two-col');
Insert into LARS_PROD.SECTIONS_ELEMENTS_REF (SECTIONS_ID,ELEMENTS_ID,SEQ_NUM,CLASS_TYPE) values (50,63,1,'one-of-two-col');
Insert into LARS_PROD.SECTIONS_ELEMENTS_REF (SECTIONS_ID,ELEMENTS_ID,SEQ_NUM,CLASS_TYPE) values (50,64,2,'one-of-two-col');
Insert into LARS_PROD.SECTIONS_ELEMENTS_REF (SECTIONS_ID,ELEMENTS_ID,SEQ_NUM,CLASS_TYPE) values (51,65,1,'full-col');
Insert into LARS_PROD.SECTIONS_ELEMENTS_REF (SECTIONS_ID,ELEMENTS_ID,SEQ_NUM,CLASS_TYPE) values (61,66,1,'one-of-four-col');
Insert into LARS_PROD.SECTIONS_ELEMENTS_REF (SECTIONS_ID,ELEMENTS_ID,SEQ_NUM,CLASS_TYPE) values (1,67,2,'full-col clear');
Insert into LARS_PROD.SECTIONS_ELEMENTS_REF (SECTIONS_ID,ELEMENTS_ID,SEQ_NUM,CLASS_TYPE) values (48,67,2,'full-col clear');
Insert into LARS_PROD.SECTIONS_ELEMENTS_REF (SECTIONS_ID,ELEMENTS_ID,SEQ_NUM,CLASS_TYPE) values (183,335,3,'one-of-four-col');
Insert into LARS_PROD.SECTIONS_ELEMENTS_REF (SECTIONS_ID,ELEMENTS_ID,SEQ_NUM,CLASS_TYPE) values (183,336,4,'one-of-four-col');
Insert into LARS_PROD.SECTIONS_ELEMENTS_REF (SECTIONS_ID,ELEMENTS_ID,SEQ_NUM,CLASS_TYPE) values (209,337,1,'one-of-two-col');
Insert into LARS_PROD.SECTIONS_ELEMENTS_REF (SECTIONS_ID,ELEMENTS_ID,SEQ_NUM,CLASS_TYPE) values (209,338,2,'one-of-two-col');
Insert into LARS_PROD.SECTIONS_ELEMENTS_REF (SECTIONS_ID,ELEMENTS_ID,SEQ_NUM,CLASS_TYPE) values (210,340,1,'one-of-three-col');
Insert into LARS_PROD.SECTIONS_ELEMENTS_REF (SECTIONS_ID,ELEMENTS_ID,SEQ_NUM,CLASS_TYPE) values (210,341,2,'one-of-three-col');
Insert into LARS_PROD.SECTIONS_ELEMENTS_REF (SECTIONS_ID,ELEMENTS_ID,SEQ_NUM,CLASS_TYPE) values (210,339,3,'one-of-three-col');
Insert into LARS_PROD.SECTIONS_ELEMENTS_REF (SECTIONS_ID,ELEMENTS_ID,SEQ_NUM,CLASS_TYPE) values (211,343,1,'one-of-two-col');
Insert into LARS_PROD.SECTIONS_ELEMENTS_REF (SECTIONS_ID,ELEMENTS_ID,SEQ_NUM,CLASS_TYPE) values (211,342,2,'one-of-two-col clear');
Insert into LARS_PROD.SECTIONS_ELEMENTS_REF (SECTIONS_ID,ELEMENTS_ID,SEQ_NUM,CLASS_TYPE) values (211,318,3,'full-col');
Insert into LARS_PROD.SECTIONS_ELEMENTS_REF (SECTIONS_ID,ELEMENTS_ID,SEQ_NUM,CLASS_TYPE) values (212,344,1,'full-col');
Insert into LARS_PROD.SECTIONS_ELEMENTS_REF (SECTIONS_ID,ELEMENTS_ID,SEQ_NUM,CLASS_TYPE) values (213,318,3,'full-col');
Insert into LARS_PROD.SECTIONS_ELEMENTS_REF (SECTIONS_ID,ELEMENTS_ID,SEQ_NUM,CLASS_TYPE) values (213,345,2,'one-of-two-col clear');
Insert into LARS_PROD.SECTIONS_ELEMENTS_REF (SECTIONS_ID,ELEMENTS_ID,SEQ_NUM,CLASS_TYPE) values (213,346,1,'one-of-two-col');
Insert into LARS_PROD.SECTIONS_ELEMENTS_REF (SECTIONS_ID,ELEMENTS_ID,SEQ_NUM,CLASS_TYPE) values (214,347,1,'full-col');
Insert into LARS_PROD.SECTIONS_ELEMENTS_REF (SECTIONS_ID,ELEMENTS_ID,SEQ_NUM,CLASS_TYPE) values (215,348,1,'one-of-two-col');
Insert into LARS_PROD.SECTIONS_ELEMENTS_REF (SECTIONS_ID,ELEMENTS_ID,SEQ_NUM,CLASS_TYPE) values (215,349,2,'one-of-two-col clear');
Insert into LARS_PROD.SECTIONS_ELEMENTS_REF (SECTIONS_ID,ELEMENTS_ID,SEQ_NUM,CLASS_TYPE) values (215,318,3,'full-col');
Insert into LARS_PROD.SECTIONS_ELEMENTS_REF (SECTIONS_ID,ELEMENTS_ID,SEQ_NUM,CLASS_TYPE) values (216,350,1,'full-col');
Insert into LARS_PROD.SECTIONS_ELEMENTS_REF (SECTIONS_ID,ELEMENTS_ID,SEQ_NUM,CLASS_TYPE) values (217,351,1,'one-of-two-col');
Insert into LARS_PROD.SECTIONS_ELEMENTS_REF (SECTIONS_ID,ELEMENTS_ID,SEQ_NUM,CLASS_TYPE) values (217,352,2,'one-of-two-col clear');
Insert into LARS_PROD.SECTIONS_ELEMENTS_REF (SECTIONS_ID,ELEMENTS_ID,SEQ_NUM,CLASS_TYPE) values (217,318,3,'full-col');
Insert into LARS_PROD.SECTIONS_ELEMENTS_REF (SECTIONS_ID,ELEMENTS_ID,SEQ_NUM,CLASS_TYPE) values (218,353,1,'full-col');